ORIGIN_AIRPORT_ID,CODE,ORIGIN_STATE_ABR,NAME,LOCATION,Jan,Feb,Mar,Apr,May,Jun,Jul,Aug,Sep,Oct,Nov,Dec,total
10056,A43,AK,Trident Basin Seaplane Base,Kodiak Island,15.0,15.0,20.0,18.0,30.0,44.0,48.0,40.0,27.0,20.0,18.0,20.0,315.0
10135,ABE,PA,Lehigh Valley International,Allentown/Bethlehem/Easton,495.0,519.0,468.0,185.0,167.0,211.0,233.0,274.0,229.0,330.0,323.0,348.0,3782.0
10136,ABI,TX,Abilene Regional,Abilene,174.0,154.0,168.0,101.0,92.0,90.0,135.0,128.0,121.0,150.0,188.0,194.0,1695.0
10139,ABL,AK,Ambler River,Ambler,96.0,77.0,39.0,24.0,35.0,36.0,43.0,42.0,44.0,35.0,36.0,49.0,556.0
10140,ABQ,NM,Albuquerque International Sunport,Albuquerque,2125.0,2000.0,2008.0,842.0,794.0,978.0,1246.0,1415.0,1160.0,1238.0,1180.0,1112.0,16098.0
10141,ABR,SD,Aberdeen Regional,Aberdeen,61.0,59.0,60.0,55.0,32.0,30.0,62.0,62.0,63.0,73.0,73.0,60.0,690.0
10146,ABY,GA,Southwest Georgia Regional,Albany,85.0,82.0,77.0,44.0,23.0,29.0,31.0,60.0,60.0,85.0,82.0,90.0,748.0
10154,ACK,MA,Nantucket Memorial,Nantucket,461.0,440.0,336.0,147.0,340.0,662.0,1149.0,1159.0,1069.0,776.0,513.0,372.0,7424.0
10155,ACT,TX,Waco Regional,Waco,129.0,131.0,120.0,44.0,63.0,34.0,89.0,96.0,93.0,94.0,91.0,90.0,1074.0
10157,ACV,CA,California Redwood Coast Humboldt County,Arcata/Eureka,185.0,173.0,159.0,28.0,58.0,53.0,86.0,93.0,88.0,71.0,73.0,69.0,1136.0
10158,ACY,NJ,Atlantic City International,Atlantic City,287.0,287.0,309.0,64.0,27.0,94.0,231.0,129.0,66.0,86.0,165.0,167.0,1912.0
10165,ADK,AK,Adak,Adak Island,9.0,8.0,7.0,9.0,9.0,8.0,9.0,9.0,8.0,9.0,8.0,9.0,102.0
10170,ADQ,AK,Kodiak Airport,Kodiak,292.0,263.0,242.0,141.0,174.0,265.0,299.0,311.0,287.0,278.0,246.0,251.0,3049.0
10184,AET,AK,Allakaket Airport,Allakaket,47.0,47.0,41.0,25.0,27.0,35.0,42.0,46.0,40.0,40.0,37.0,38.0,465.0
10185,AEX,LA,Alexandria International,Alexandria,257.0,258.0,234.0,119.0,69.0,73.0,156.0,197.0,177.0,221.0,227.0,245.0,2233.0
10194,AFW,TX,Perot Field Fort Worth Alliance,Dallas/Fort Worth,,,,,,,5.0,,1.0,,,,6.0
10204,AGN,AK,Angoon Seaplane Base,Angoon,44.0,47.0,52.0,26.0,42.0,61.0,79.0,59.0,51.0,60.0,61.0,35.0,617.0
10208,AGS,GA,Augusta Regional at Bush Field,Augusta,445.0,408.0,424.0,169.0,167.0,154.0,259.0,327.0,304.0,319.0,342.0,358.0,3676.0
10221,AIA,NE,Alliance Municipal,Alliance,54.0,49.0,53.0,52.0,52.0,52.0,54.0,52.0,52.0,53.0,51.0,54.0,628.0
10225,AIN,AK,Wainwright Airport,Wainwright,116.0,118.0,,84.0,86.0,100.0,104.0,104.0,106.0,78.0,84.0,104.0,1084.0
10237,AKB,AK,Atka Airport,Atka,8.0,9.0,13.0,13.0,12.0,11.0,7.0,12.0,9.0,11.0,7.0,12.0,124.0
10241,AKI,AK,Akiak Airport,Akiak,87.0,65.0,32.0,39.0,61.0,53.0,54.0,54.0,50.0,59.0,42.0,43.0,639.0
10243,AKK,AK,Akhiok Airport,Akhiok,20.0,20.0,21.0,9.0,18.0,19.0,22.0,25.0,22.0,17.0,12.0,16.0,221.0
10245,AKN,AK,King Salmon Airport,King Salmon,252.0,213.0,148.0,132.0,160.0,283.0,338.0,254.0,245.0,180.0,150.0,162.0,2517.0
10247,AKP,AK,Anaktuvuk Pass Airport,Anaktuvuk Pass,75.0,67.0,55.0,39.0,48.0,55.0,61.0,64.0,51.0,58.0,51.0,63.0,687.0
10257,ALB,NY,Albany International,Albany,1382.0,1352.0,1271.0,423.0,375.0,551.0,767.0,952.0,641.0,730.0,729.0,644.0,9817.0
10268,ALO,IA,Waterloo Regional,Waterloo,58.0,54.0,55.0,23.0,25.0,27.0,56.0,31.0,28.0,26.0,24.0,28.0,435.0
10272,ALS,CO,San Luis Valley Regional/Bergman Field,Alamosa,120.0,87.0,93.0,103.0,106.0,106.0,109.0,109.0,103.0,98.0,50.0,53.0,1137.0
10275,ALW,WA,Walla Walla Regional,Walla Walla,61.0,58.0,56.0,22.0,57.0,36.0,31.0,61.0,51.0,61.0,57.0,53.0,604.0
10278,ALZ,AK,Alitak Seaplane Base,Lazy Bay,4.0,5.0,4.0,5.0,8.0,15.0,12.0,13.0,8.0,5.0,4.0,5.0,88.0
10279,AMA,TX,Rick Husband Amarillo International,Amarillo,454.0,430.0,414.0,129.0,196.0,176.0,250.0,337.0,324.0,301.0,332.0,326.0,3669.0
10299,ANC,AK,Ted Stevens Anchorage International,Anchorage,2490.0,2324.0,1501.0,619.0,711.0,1153.0,1630.0,1798.0,1561.0,1627.0,1418.0,1858.0,18690.0
10304,ANI,AK,Aniak Airport,Aniak,342.0,338.0,75.0,139.0,235.0,203.0,304.0,225.0,258.0,236.0,171.0,194.0,2720.0
10313,ANV,AK,Anvik Airport,Anvik,39.0,38.0,7.0,9.0,19.0,10.0,22.0,12.0,12.0,15.0,3.0,8.0,194.0
10322,AOO,PA,Altoona-Blair County,Altoona,92.0,101.0,113.0,111.0,115.0,111.0,112.0,112.0,111.0,115.0,111.0,106.0,1310.0
10324,AOS,AK,Amook Bay Airport,Amook Bay,,,5.0,4.0,6.0,9.0,9.0,8.0,7.0,4.0,4.0,5.0,61.0
10327,APC,CA,Napa County,Napa,,,,,,,,1.0,,,,,1.0
10333,APN,MI,Alpena County Regional,Alpena,57.0,52.0,52.0,53.0,38.0,31.0,54.0,56.0,53.0,54.0,52.0,52.0,604.0
10349,ARC,AK,Arctic Village Airport,Arctic Village,40.0,33.0,36.0,24.0,32.0,37.0,36.0,35.0,38.0,42.0,34.0,40.0,427.0
10361,ART,NY,Watertown International,Watertown,64.0,52.0,57.0,54.0,32.0,25.0,53.0,53.0,38.0,52.0,49.0,55.0,584.0
10372,ASE,CO,Aspen Pitkin County Sardy Field,Aspen,815.0,791.0,667.0,73.0,93.0,106.0,229.0,281.0,210.0,236.0,230.0,568.0,4299.0
10396,ATK,AK,Atqasuk Edward Burnell Sr. Memorial,Atqasuk,75.0,70.0,,45.0,52.0,58.0,60.0,62.0,57.0,49.0,53.0,66.0,647.0
10397,ATL,GA,Hartsfield-Jackson Atlanta International,Atlanta,32327.0,30090.0,27416.0,9052.0,8253.0,10912.0,18349.0,21940.0,20211.0,21459.0,22200.0,23105.0,245314.0
10405,ATT,AK,Atmautluak Airport,Atmautluak,155.0,86.0,77.0,91.0,121.0,97.0,119.0,103.0,109.0,94.0,86.0,68.0,1206.0
10408,ATW,WI,Appleton International,Appleton,570.0,575.0,577.0,203.0,157.0,191.0,350.0,459.0,420.0,416.0,408.0,410.0,4736.0
10409,ATY,SD,Watertown Regional,Watertown,56.0,57.0,57.0,49.0,32.0,30.0,50.0,53.0,51.0,52.0,52.0,49.0,588.0
10414,AUG,ME,Augusta State,Augusta/Waterville,86.0,72.0,94.0,83.0,103.0,121.0,125.0,124.0,120.0,103.0,84.0,80.0,1195.0
10416,AUK,AK,Alakanuk Airport,Alakanuk,199.0,158.0,106.0,102.0,127.0,149.0,135.0,144.0,120.0,135.0,109.0,116.0,1600.0
10423,AUS,TX,Austin - Bergstrom International,Austin,5350.0,5025.0,4895.0,1647.0,1372.0,1864.0,3053.0,3092.0,2454.0,2617.0,2804.0,2708.0,36881.0
10431,AVL,NC,Asheville Regional,Asheville,857.0,785.0,729.0,179.0,243.0,363.0,557.0,601.0,516.0,611.0,619.0,569.0,6629.0
10434,AVP,PA,Wilkes Barre Scranton International,Scranton/Wilkes-Barre,473.0,447.0,420.0,177.0,139.0,135.0,140.0,169.0,194.0,199.0,160.0,165.0,2818.0
10466,AZA,AZ,Phoenix - Mesa Gateway,Phoenix,489.0,554.0,641.0,119.0,278.0,382.0,451.0,398.0,272.0,420.0,428.0,441.0,4873.0
10469,AZO,MI,Kalamazoo/Battle Creek International,Kalamazoo,306.0,296.0,284.0,113.0,62.0,70.0,138.0,142.0,124.0,202.0,198.0,152.0,2087.0
10529,BDL,CT,Bradley International,Hartford,2351.0,2303.0,2094.0,735.0,625.0,855.0,1233.0,1288.0,930.0,993.0,1163.0,1096.0,15666.0
10540,BED,MA,Laurence G Hanscom Field,Bedford,,2.0,,,,,,,,,,,2.0
10551,BET,AK,Bethel Airport,Bethel,2391.0,1844.0,1369.0,1275.0,1630.0,1792.0,1914.0,1998.0,1740.0,1812.0,1726.0,1594.0,21085.0
10556,BFB,AK,Blue Fox Bay Airport,Blue Fox Bay,,,1.0,,,,,,,,,,1.0
10557,BFD,PA,Bradford Regional,Bradford,89.0,76.0,102.0,95.0,101.0,103.0,105.0,103.0,103.0,106.0,101.0,92.0,1176.0
10558,BFF,NE,Western Neb. Regional/William B. Heilig Field,Scottsbluff,54.0,47.0,49.0,52.0,60.0,60.0,87.0,58.0,50.0,51.0,53.0,53.0,674.0
10559,BFI,WA,Boeing Field/King County International,Seattle,92.0,83.0,50.0,,,33.0,106.0,117.0,86.0,74.0,62.0,49.0,752.0
10561,BFL,CA,Meadows Field,Bakersfield,242.0,228.0,222.0,92.0,93.0,94.0,160.0,168.0,139.0,170.0,178.0,179.0,1965.0
10562,BFM,AL,Mobile International,Mobile,13.0,12.0,11.0,,4.0,,,,,,,,40.0
10577,BGM,NY,Greater Binghamton/Edwin A. Link Field,Binghamton,61.0,49.0,57.0,29.0,20.0,23.0,31.0,32.0,30.0,31.0,30.0,32.0,425.0
10581,BGR,ME,Bangor International,Bangor,333.0,342.0,341.0,122.0,139.0,161.0,272.0,310.0,252.0,238.0,222.0,199.0,2931.0
10589,BHB,ME,Hancock County-Bar Harbor,Bar Harbor,94.0,77.0,93.0,88.0,82.0,53.0,62.0,72.0,67.0,96.0,89.0,83.0,956.0
10599,BHM,AL,Birmingham-Shuttlesworth International,Birmingham,1667.0,1571.0,1456.0,509.0,415.0,505.0,851.0,1015.0,808.0,896.0,932.0,924.0,11549.0
10613,BID,RI,Block Island State,Block Island,224.0,172.0,136.0,26.0,91.0,336.0,556.0,614.0,425.0,286.0,222.0,186.0,3274.0
10620,BIL,MT,Billings Logan International,Billings,837.0,766.0,751.0,538.0,593.0,618.0,798.0,841.0,775.0,814.0,813.0,854.0,8998.0
10627,BIS,ND,Bismarck Municipal,Bismarck/Mandan,451.0,445.0,395.0,126.0,155.0,165.0,218.0,248.0,281.0,340.0,351.0,340.0,3515.0
10631,BJI,MN,Bemidji Regional,Bemidji,83.0,75.0,82.0,76.0,50.0,52.0,86.0,81.0,86.0,82.0,79.0,83.0,915.0
10640,BKC,AK,Buckland Airport,Buckland,106.0,95.0,50.0,35.0,45.0,66.0,55.0,55.0,62.0,70.0,55.0,68.0,762.0
10643,BKG,MO,Branson Airport,Branson,,,,,,9.0,14.0,12.0,10.0,9.0,8.0,,62.0
10654,BKW,WV,Raleigh County Memorial,Beckley,98.0,94.0,81.0,100.0,104.0,68.0,102.0,104.0,97.0,104.0,101.0,89.0,1142.0
10661,BLD,NV,Boulder City Municipal,Boulder City,20.0,9.0,5.0,2.0,,12.0,40.0,34.0,32.0,40.0,2.0,2.0,198.0
10666,BLI,WA,Bellingham International,Bellingham,217.0,213.0,193.0,34.0,22.0,92.0,114.0,128.0,108.0,100.0,111.0,106.0,1438.0
10676,BLV,IL,Scott AFB MidAmerica St Louis,Belleville,65.0,69.0,95.0,4.0,65.0,122.0,164.0,120.0,65.0,84.0,68.0,72.0,993.0
10683,BMG,IN,Monroe County,Bloomington,,,,,,,,,,,1.0,0.0,1.0
10685,BMI,IL,Central Il Regional Airport at Bloomington,Bloomington/Normal,260.0,241.0,231.0,65.0,80.0,91.0,160.0,144.0,134.0,161.0,153.0,169.0,1889.0
10693,BNA,TN,Nashville International,Nashville,6869.0,6628.0,6406.0,2345.0,2268.0,3438.0,5194.0,5520.0,4791.0,5062.0,4992.0,4710.0,58223.0
10713,BOI,ID,Boise Air Terminal,Boise,2196.0,2033.0,2016.0,713.0,715.0,1015.0,1379.0,1655.0,1575.0,1805.0,1839.0,1863.0,18804.0
10721,BOS,MA,Logan International,Boston,13471.0,12845.0,12015.0,3316.0,2962.0,4187.0,6706.0,6268.0,5284.0,5550.0,5716.0,5467.0,83787.0
10728,BPT,TX,Jack Brooks Regional,Beaumont/Port Arthur,71.0,73.0,69.0,41.0,32.0,32.0,54.0,28.0,52.0,59.0,57.0,78.0,646.0
10731,BQK,GA,Brunswick Golden Isles,Brunswick,87.0,79.0,81.0,31.0,26.0,30.0,60.0,62.0,60.0,93.0,86.0,90.0,785.0
10732,BQN,PR,Rafael Hernandez,Aguadilla,193.0,184.0,139.0,,,1.0,0.0,,,,,,517.0
10739,BRD,MN,Brainerd Lakes Regional,Brainerd,55.0,53.0,54.0,48.0,35.0,32.0,65.0,56.0,57.0,55.0,53.0,52.0,615.0
10744,BRL,IA,Southeast Iowa Regional,Burlington,125.0,105.0,129.0,102.0,102.0,104.0,108.0,103.0,100.0,107.0,100.0,107.0,1292.0
10747,BRO,TX,Brownsville South Padre Island International,Brownsville,181.0,189.0,185.0,64.0,77.0,84.0,143.0,172.0,162.0,159.0,166.0,183.0,1765.0
10754,BRW,AK,Wiley Post/Will Rogers Memorial,Barrow,314.0,311.0,54.0,171.0,188.0,205.0,209.0,229.0,227.0,195.0,187.0,227.0,2517.0
10775,BTI,AK,Barter Island Airport,Barter Island,46.0,39.0,,33.0,60.0,58.0,68.0,63.0,53.0,62.0,52.0,62.0,596.0
10779,BTM,MT,Bert Mooney,Butte,58.0,53.0,56.0,53.0,31.0,31.0,60.0,57.0,55.0,58.0,58.0,58.0,628.0
10781,BTR,LA,Baton Rouge Metropolitan/Ryan Field,Baton Rouge,598.0,580.0,547.0,156.0,232.0,202.0,299.0,377.0,338.0,388.0,400.0,398.0,4515.0
10783,BTT,AK,Bettles Airport,Bettles,32.0,32.0,23.0,11.0,19.0,25.0,34.0,40.0,39.0,28.0,21.0,21.0,325.0
10785,BTV,VT,Burlington International,Burlington,856.0,783.0,778.0,230.0,238.0,264.0,428.0,520.0,351.0,381.0,372.0,345.0,5546.0
10792,BUF,NY,Buffalo Niagara International,Buffalo,2098.0,1998.0,1944.0,565.0,620.0,717.0,1041.0,1036.0,771.0,890.0,961.0,893.0,13534.0
10800,BUR,CA,Bob Hope,Burbank,2723.0,2524.0,2151.0,759.0,667.0,950.0,1246.0,1214.0,990.0,987.0,957.0,928.0,16096.0
10821,BWI,MD,Baltimore/Washington International Thurgood Marshall,Baltimore,8238.0,7559.0,7667.0,3349.0,3386.0,5093.0,6891.0,6644.0,5559.0,5674.0,5698.0,5369.0,71127.0
10849,BZN,MT,Bozeman Yellowstone International,Bozeman,849.0,800.0,760.0,177.0,195.0,295.0,612.0,719.0,626.0,534.0,595.0,767.0,6929.0
10857,C01,CA,Camarillo Airport,Camarillo,,,,,,,,1.0,,,1.0,,2.0
10868,CAE,SC,Columbia Metropolitan,Columbia,1003.0,908.0,839.0,338.0,276.0,329.0,527.0,596.0,494.0,556.0,532.0,531.0,6929.0
10874,CAK,OH,Akron-Canton Regional,Akron,664.0,614.0,616.0,195.0,109.0,90.0,221.0,273.0,206.0,225.0,213.0,243.0,3669.0
10917,CDB,AK,Cold Bay Airport,Cold Bay,142.0,70.0,38.0,56.0,102.0,149.0,147.0,133.0,109.0,138.0,84.0,117.0,1285.0
10918,CDC,UT,Cedar City Regional,Cedar City,54.0,50.0,26.0,,,,20.0,53.0,53.0,54.0,51.0,53.0,414.0
10925,CDR,NE,Chadron Municipal,Chadron,59.0,47.0,52.0,51.0,56.0,56.0,57.0,58.0,52.0,49.0,51.0,52.0,640.0
10926,CDV,AK,Merle K Mudhole Smith,Cordova,50.0,58.0,62.0,58.0,62.0,60.0,62.0,62.0,60.0,61.0,54.0,56.0,705.0
10930,CEC,CA,Jack McNamara Field,Crescent City,30.0,29.0,31.0,30.0,31.0,30.0,31.0,31.0,29.0,31.0,30.0,29.0,362.0
10938,CEM,AK,Central Airport,Central,19.0,17.0,19.0,22.0,20.0,22.0,22.0,20.0,18.0,18.0,17.0,18.0,232.0
10950,CEZ,CO,Cortez Municipal,Cortez,119.0,110.0,111.0,113.0,118.0,120.0,125.0,125.0,109.0,102.0,96.0,107.0,1355.0
10961,CGA,AK,Craig Seaplane Base,Craig,7.0,10.0,24.0,31.0,48.0,41.0,43.0,29.0,27.0,35.0,10.0,12.0,317.0
10967,CGI,MO,Cape Girardeau Regional,Cape Girardeau,48.0,47.0,49.0,50.0,29.0,30.0,51.0,54.0,50.0,54.0,52.0,53.0,567.0
10980,CHA,TN,Lovell Field,Chattanooga,751.0,706.0,703.0,220.0,189.0,210.0,354.0,490.0,430.0,519.0,515.0,491.0,5578.0
10990,CHO,VA,Charlottesville Albemarle,Charlottesville,748.0,715.0,680.0,197.0,121.0,147.0,291.0,304.0,310.0,340.0,306.0,267.0,4426.0
10994,CHS,SC,Charleston AFB/International,Charleston,1925.0,1866.0,1842.0,564.0,627.0,828.0,1316.0,1328.0,1124.0,1240.0,1351.0,1334.0,15345.0
10996,CHU,AK,Chuathbaluk Airport,Chuathbaluk,27.0,19.0,6.0,1.0,14.0,12.0,14.0,6.0,4.0,12.0,15.0,10.0,140.0
11003,CID,IA,The Eastern Iowa,Cedar Rapids/Iowa City,904.0,864.0,866.0,213.0,290.0,290.0,445.0,590.0,501.0,560.0,584.0,553.0,6660.0
11007,CIK,AK,Chalkyitsik Airport,Chalkyitsik,26.0,31.0,21.0,10.0,15.0,14.0,14.0,15.0,13.0,16.0,17.0,16.0,208.0
11013,CIU,MI,Chippewa County International,Sault Ste. Marie,55.0,53.0,56.0,53.0,56.0,59.0,63.0,62.0,64.0,62.0,59.0,61.0,703.0
11027,CKB,WV,North Central West Virginia,Clarksburg/Fairmont,73.0,65.0,66.0,50.0,60.0,68.0,73.0,66.0,55.0,67.0,66.0,66.0,775.0
11028,CKD,AK,Crooked Creek Airport,Crooked Creek,26.0,16.0,7.0,6.0,12.0,16.0,25.0,16.0,27.0,7.0,4.0,10.0,172.0
11036,CKX,AK,Chicken Airport,Chicken,7.0,9.0,9.0,8.0,9.0,9.0,9.0,8.0,9.0,9.0,8.0,10.0,104.0
11042,CLE,OH,Cleveland-Hopkins International,Cleveland,4036.0,3853.0,3807.0,930.0,812.0,1248.0,2185.0,2347.0,1867.0,1969.0,2075.0,2129.0,27258.0
11049,CLL,TX,Easterwood Field,College Station/Bryan,160.0,168.0,164.0,69.0,78.0,46.0,87.0,105.0,117.0,138.0,140.0,137.0,1409.0
11053,CLP,AK,Clarks Point Airport,Clarks Point,35.0,30.0,43.0,24.0,35.0,37.0,44.0,32.0,36.0,41.0,34.0,39.0,430.0
11057,CLT,NC,Charlotte Douglas International,Charlotte,21931.0,20127.0,18714.0,8545.0,9093.0,9777.0,13495.0,15864.0,14440.0,15196.0,14458.0,15083.0,176723.0
11066,CMH,OH,John Glenn Columbus International,Columbus,3902.0,3589.0,3548.0,1184.0,996.0,1278.0,2123.0,2354.0,1868.0,1905.0,2050.0,1933.0,26730.0
11067,CMI,IL,University of Illinois/Willard,Champaign/Urbana,228.0,214.0,198.0,86.0,76.0,81.0,147.0,119.0,56.0,72.0,106.0,118.0,1501.0
11076,CMX,MI,Houghton County Memorial,Hancock/Houghton,55.0,55.0,59.0,55.0,61.0,33.0,57.0,62.0,57.0,62.0,59.0,61.0,676.0
11085,CNM,NM,Cavern City Air Terminal,Carlsbad,89.0,83.0,77.0,78.0,79.0,81.0,80.0,84.0,81.0,75.0,71.0,50.0,928.0
11092,CNY,UT,Canyonlands Regional,Moab,28.0,29.0,46.0,50.0,59.0,36.0,76.0,69.0,75.0,71.0,52.0,30.0,621.0
11097,COD,WY,Yellowstone Regional,Cody,62.0,55.0,57.0,24.0,36.0,36.0,78.0,98.0,88.0,57.0,58.0,47.0,696.0
11109,COS,CO,City of Colorado Springs Municipal,Colorado Springs,905.0,843.0,811.0,328.0,206.0,231.0,407.0,497.0,504.0,615.0,614.0,653.0,6614.0
11111,COU,MO,Columbia Regional,Columbia,229.0,234.0,229.0,119.0,84.0,69.0,168.0,141.0,124.0,123.0,117.0,87.0,1724.0
11122,CPR,WY,Casper/Natrona County International,Casper,189.0,178.0,151.0,58.0,81.0,82.0,93.0,125.0,122.0,179.0,172.0,171.0,1601.0
11126,CPX,PR,Benjamin Rivera Noriega,Culebra,681.0,732.0,387.0,117.0,151.0,222.0,406.0,200.0,223.0,296.0,413.0,428.0,4256.0
11140,CRP,TX,Corpus Christi International,Corpus Christi,511.0,484.0,448.0,140.0,212.0,177.0,270.0,295.0,264.0,290.0,350.0,338.0,3779.0
11146,CRW,WV,West Virginia International Yeager,Charleston/Dunbar,421.0,403.0,361.0,132.0,110.0,115.0,211.0,283.0,222.0,252.0,231.0,227.0,2968.0
11150,CSG,GA,Columbus Airport,Columbus,83.0,84.0,94.0,43.0,28.0,27.0,60.0,135.0,90.0,92.0,107.0,100.0,943.0
11193,CVG,KY,Cincinnati/Northern Kentucky International,Cincinnati,3955.0,3807.0,3803.0,992.0,882.0,1265.0,2068.0,2181.0,1905.0,2134.0,2196.0,2168.0,27356.0
11197,CVN,NM,Clovis Regional,Clovis,82.0,77.0,81.0,77.0,54.0,51.0,53.0,54.0,50.0,54.0,52.0,52.0,737.0
11203,CWA,WI,Central Wisconsin,Mosinee,262.0,252.0,268.0,99.0,73.0,70.0,122.0,211.0,192.0,193.0,173.0,147.0,2062.0
11214,CXF,AK,Coldfoot Airport,Coldfoot,6.0,9.0,11.0,,3.0,8.0,7.0,17.0,13.0,3.0,2.0,2.0,81.0
11227,CYF,AK,Chefornak Airport,Chefornak,156.0,93.0,99.0,69.0,117.0,139.0,121.0,142.0,129.0,124.0,80.0,61.0,1330.0
11233,CYS,WY,Cheyenne Regional/Jerry Olson Field,Cheyenne,32.0,27.0,29.0,5.0,,,1.0,3.0,,1.0,19.0,31.0,148.0
11241,CZF,AK,Cape Romanzof LRRS,Cape Romanzof,,,,,,,,,1.0,,,,1.0
11245,CZN,AK,Chisana Airport,Chisana,3.0,4.0,8.0,9.0,8.0,8.0,8.0,8.0,8.0,9.0,4.0,5.0,82.0
11252,DAB,FL,Daytona Beach International,Daytona Beach,302.0,287.0,267.0,114.0,97.0,95.0,165.0,308.0,212.0,204.0,225.0,271.0,2547.0
11259,DAL,TX,Dallas Love Field,Dallas,6144.0,5803.0,5431.0,2327.0,2360.0,3443.0,4157.0,4477.0,3748.0,3744.0,3840.0,3525.0,48999.0
11267,DAY,OH,James M Cox/Dayton International,Dayton,1228.0,1166.0,1157.0,450.0,387.0,381.0,549.0,690.0,627.0,637.0,663.0,666.0,8601.0
11274,DBQ,IA,Dubuque Regional,Dubuque,87.0,78.0,77.0,38.0,20.0,22.0,43.0,49.0,33.0,6.0,,,453.0
11278,DCA,VA,Ronald Reagan Washington National,Washington,11980.0,11202.0,10094.0,2989.0,1712.0,3371.0,4807.0,5350.0,3118.0,3030.0,3276.0,2989.0,63918.0
11283,DDC,KS,Dodge City Regional,Dodge City,67.0,51.0,42.0,52.0,32.0,30.0,50.0,53.0,51.0,51.0,52.0,53.0,584.0
11288,DEC,IL,Decatur Airport,Decatur,165.0,139.0,67.0,51.0,32.0,30.0,48.0,52.0,50.0,53.0,54.0,53.0,794.0
11292,DEN,CO,Denver International,Denver,23249.0,21779.0,20557.0,8243.0,8703.0,11171.0,15824.0,18670.0,16362.0,18352.0,18306.0,18426.0,199642.0
11298,DFW,TX,Dallas/Fort Worth International,Dallas/Fort Worth,24300.0,23279.0,22013.0,9761.0,11371.0,12616.0,19115.0,19673.0,17835.0,19466.0,19132.0,19818.0,218379.0
11308,DHN,AL,Dothan Regional,Dothan,116.0,109.0,108.0,45.0,29.0,30.0,31.0,61.0,58.0,93.0,96.0,103.0,879.0
11315,DIK,ND,Dickinson - Theodore Roosevelt Regional,Dickinson,61.0,55.0,52.0,26.0,26.0,26.0,28.0,26.0,27.0,31.0,51.0,32.0,441.0
11336,DLG,AK,Dillingham Airport,Dillingham,395.0,346.0,299.0,191.0,244.0,287.0,284.0,274.0,285.0,254.0,214.0,228.0,3301.0
11337,DLH,MN,Duluth International,Duluth,266.0,248.0,243.0,104.0,60.0,53.0,114.0,157.0,171.0,187.0,188.0,174.0,1965.0
11367,DOF,AK,Dora Bay Airport,Dora Bay,1.0,3.0,3.0,3.0,2.0,7.0,3.0,2.0,,3.0,2.0,1.0,30.0
11392,DQL,AK,Lake Hood,Anchorage,9.0,8.0,9.0,9.0,8.0,9.0,9.0,9.0,8.0,9.0,8.0,,95.0
11411,DRG,AK,Deering Airport,Deering,77.0,55.0,29.0,18.0,25.0,36.0,41.0,33.0,43.0,29.0,26.0,40.0,452.0
11413,DRO,CO,Durango La Plata County,Durango,329.0,319.0,286.0,96.0,118.0,110.0,164.0,207.0,235.0,296.0,279.0,286.0,2725.0
11415,DRT,TX,Del Rio International,Del Rio,57.0,56.0,58.0,43.0,29.0,30.0,55.0,31.0,51.0,12.0,,,422.0
11421,DSI,FL,Destin Executive,Destin,11.0,12.0,12.0,,2.0,7.0,9.0,5.0,6.0,9.0,,,73.0
11423,DSM,IA,Des Moines International,Des Moines,1480.0,1470.0,1466.0,531.0,471.0,588.0,904.0,1093.0,936.0,990.0,942.0,927.0,11798.0
11431,DTR,WA,Decatur,Decatur Island,,,,,,,,1.0,2.0,,,,3.0
11433,DTW,MI,Detroit Metro Wayne County,Detroit,13841.0,13050.0,13036.0,4906.0,3728.0,4776.0,8125.0,9317.0,8568.0,9160.0,9381.0,9490.0,107378.0
11441,DUJ,PA,DuBois Regional,DuBois,156.0,145.0,164.0,154.0,166.0,164.0,165.0,166.0,164.0,166.0,162.0,162.0,1934.0
11445,DUT,AK,Unalaska Airport,Unalaska,170.0,108.0,62.0,84.0,102.0,111.0,110.0,111.0,97.0,129.0,76.0,127.0,1287.0
11447,DVL,ND,Devils Lake Regional,Devils Lake,50.0,50.0,51.0,50.0,30.0,31.0,48.0,53.0,52.0,54.0,51.0,53.0,573.0
11463,EAA,AK,Eagle Airport,Eagle,21.0,20.0,16.0,6.0,9.0,18.0,16.0,12.0,15.0,17.0,16.0,18.0,184.0
11468,EAR,NE,Kearney Regional,Kearney,89.0,79.0,83.0,52.0,30.0,31.0,50.0,53.0,59.0,62.0,62.0,58.0,708.0
11470,EAT,WA,Pangborn Memorial,Wenatchee,82.0,80.0,80.0,27.0,53.0,35.0,47.0,61.0,56.0,60.0,60.0,58.0,699.0
11471,EAU,WI,Chippewa Valley Regional,Eau Claire,57.0,58.0,59.0,58.0,60.0,32.0,57.0,62.0,59.0,61.0,60.0,61.0,684.0
11481,ECP,FL,Northwest Florida Beaches International,Panama City,475.0,446.0,538.0,311.0,315.0,528.0,779.0,868.0,592.0,615.0,588.0,540.0,6595.0
11484,EDA,AK,Edna Bay Airport,Edna Bay,5.0,9.0,11.0,11.0,11.0,14.0,12.0,14.0,12.0,15.0,13.0,9.0,136.0
11492,EEK,AK,Eek Airport,Eek,175.0,132.0,121.0,69.0,103.0,136.0,122.0,126.0,87.0,111.0,79.0,76.0,1337.0
11503,EGE,CO,Eagle County Regional,Eagle,457.0,409.0,267.0,22.0,48.0,56.0,62.0,65.0,61.0,51.0,81.0,304.0,1883.0
11511,EGX,AK,Egegik Airport,Egegik,25.0,23.0,12.0,15.0,28.0,70.0,38.0,22.0,20.0,14.0,16.0,20.0,303.0
11525,EKO,NV,Elko Regional,Elko,58.0,53.0,50.0,29.0,20.0,21.0,31.0,57.0,56.0,58.0,55.0,56.0,544.0
11531,ELD,AR,South Arkansas Regional at Goodwin Field,El Dorado,73.0,72.0,70.0,68.0,79.0,78.0,80.0,75.0,77.0,79.0,77.0,78.0,906.0
11535,ELI,AK,Elim Airport,Elim,93.0,86.0,59.0,28.0,60.0,76.0,73.0,66.0,64.0,63.0,51.0,62.0,781.0
11537,ELM,NY,Elmira/Corning Regional,Elmira/Corning,187.0,178.0,171.0,55.0,51.0,77.0,113.0,77.0,59.0,66.0,70.0,77.0,1181.0
11540,ELP,TX,El Paso International,El Paso,1555.0,1446.0,1353.0,487.0,418.0,522.0,669.0,937.0,801.0,827.0,864.0,837.0,10716.0
11545,ELV,AK,Elfin Cove Seaplane Base,Elfin Cove,3.0,5.0,7.0,10.0,18.0,37.0,46.0,38.0,8.0,8.0,7.0,6.0,193.0
11550,EMK,AK,Emmonak Airport,Emmonak,353.0,282.0,211.0,208.0,268.0,308.0,272.0,287.0,251.0,328.0,216.0,224.0,3208.0
11555,ENA,AK,Kenai Municipal,Kenai,528.0,510.0,268.0,121.0,143.0,199.0,348.0,434.0,362.0,365.0,340.0,515.0,4133.0
11577,ERI,PA,Erie International/Tom Ridge Field,Erie,194.0,182.0,180.0,92.0,67.0,81.0,91.0,155.0,114.0,110.0,102.0,102.0,1470.0
11587,ESC,MI,Delta County,Escanaba,54.0,48.0,50.0,48.0,32.0,30.0,54.0,53.0,51.0,53.0,52.0,52.0,577.0
11588,ESD,WA,Orcas Island,Eastsound,60.0,61.0,44.0,,,35.0,97.0,108.0,78.0,60.0,53.0,39.0,635.0
11603,EUG,OR,Mahlon Sweet Field,Eugene,776.0,744.0,713.0,224.0,265.0,364.0,412.0,510.0,404.0,631.0,630.0,622.0,6295.0
11612,EVV,IN,Evansville Regional,Evansville,423.0,411.0,393.0,139.0,153.0,174.0,277.0,324.0,320.0,327.0,325.0,302.0,3568.0
11615,EWB,MA,New Bedford Regional,New Bedford/Fall River,33.0,29.0,24.0,16.0,23.0,36.0,69.0,65.0,90.0,75.0,44.0,27.0,531.0
11617,EWN,NC,Coastal Carolina Regional,New Bern/Morehead/Beaufort,197.0,178.0,177.0,92.0,90.0,89.0,78.0,136.0,109.0,119.0,108.0,98.0,1471.0
11618,EWR,NJ,Newark Liberty International,Newark,13290.0,12553.0,11242.0,1105.0,1037.0,2019.0,5003.0,5299.0,4378.0,5730.0,5968.0,5659.0,73283.0
11619,EXI,AK,Excursion Inlet Seaplane Base,Excursion Inlet,3.0,5.0,4.0,7.0,11.0,14.0,15.0,15.0,7.0,4.0,6.0,4.0,95.0
11624,EYW,FL,Key West International,Key West,905.0,912.0,815.0,237.0,165.0,296.0,495.0,452.0,397.0,520.0,606.0,826.0,6626.0
11630,FAI,AK,Fairbanks International,Fairbanks,1055.0,1002.0,822.0,436.0,519.0,678.0,690.0,779.0,720.0,799.0,703.0,811.0,9014.0
11637,FAR,ND,Hector International,Fargo,639.0,631.0,617.0,193.0,171.0,188.0,328.0,427.0,407.0,455.0,470.0,463.0,4989.0
11638,FAT,CA,Fresno Yosemite International,Fresno,1044.0,988.0,950.0,335.0,339.0,384.0,573.0,585.0,630.0,756.0,718.0,720.0,8022.0
11641,FAY,NC,Fayetteville Regional/Grannis Field,Fayetteville,347.0,310.0,285.0,115.0,123.0,135.0,204.0,318.0,235.0,231.0,236.0,243.0,2782.0
11643,FBK,AK,Ladd AAF,Fairbanks,,,,,,2.0,,,,,,,2.0
11646,FBS,WA,Friday Harbor Seaplane Base,Friday Harbor,18.0,34.0,22.0,,10.0,42.0,142.0,170.0,74.0,25.0,,,537.0
11648,FCA,MT,Glacier Park International,Kalispell,390.0,362.0,320.0,93.0,99.0,217.0,518.0,646.0,502.0,377.0,311.0,335.0,4170.0
11695,FLG,AZ,Flagstaff Pulliam,Flagstaff,234.0,227.0,213.0,78.0,82.0,76.0,117.0,129.0,158.0,182.0,155.0,164.0,1815.0
11697,FLL,FL,Fort Lauderdale-Hollywood International,Fort Lauderdale,9646.0,9080.0,8658.0,2244.0,1681.0,2834.0,4805.0,4038.0,3303.0,4359.0,5482.0,6247.0,62377.0
11699,FLO,SC,Florence Regional,Florence,91.0,84.0,84.0,39.0,61.0,62.0,66.0,54.0,56.0,12.0,,,609.0
11702,FLT,AK,Flat Airport,Flat,,,,,,,1.0,,,,,,1.0
11721,FNT,MI,Bishop International,Flint,385.0,421.0,426.0,177.0,147.0,145.0,183.0,246.0,244.0,272.0,278.0,246.0,3170.0
11725,FOD,IA,Fort Dodge Regional,Fort Dodge,144.0,108.0,128.0,123.0,124.0,126.0,126.0,123.0,125.0,128.0,116.0,125.0,1496.0
11726,FOE,KS,Topeka Regional,Topeka,,1.0,,,,,,,,,,,1.0
11762,FRD,WA,Friday Harbor Airport,Friday Harbor,94.0,90.0,57.0,,,52.0,188.0,214.0,130.0,84.0,66.0,58.0,1033.0
11775,FSD,SD,Joe Foss Field,Sioux Falls,682.0,722.0,663.0,221.0,271.0,328.0,441.0,532.0,472.0,523.0,552.0,564.0,5971.0
11778,FSM,AR,Fort Smith Regional,Fort Smith,177.0,171.0,174.0,63.0,57.0,60.0,80.0,87.0,83.0,80.0,79.0,88.0,1199.0
11813,FVQ,AK,Donlin Creek Mine Airport,Donlin Creek Mine,,,,,,3.0,2.0,1.0,1.0,1.0,,,8.0
11823,FWA,IN,Fort Wayne International,Fort Wayne,632.0,602.0,662.0,269.0,207.0,244.0,421.0,540.0,459.0,451.0,456.0,476.0,5419.0
11833,FYU,AK,Fort Yukon Airport,Fort Yukon,142.0,136.0,117.0,49.0,66.0,85.0,74.0,86.0,82.0,102.0,83.0,72.0,1094.0
11844,GAL,AK,Edward G. Pitka Sr.,Galena,227.0,215.0,84.0,69.0,84.0,108.0,135.0,129.0,134.0,167.0,101.0,137.0,1590.0
11845,GAM,AK,Gambell Airport,Gambell,96.0,95.0,51.0,32.0,54.0,53.0,62.0,69.0,74.0,73.0,48.0,65.0,772.0
11859,GBH,AK,Galbraith Lake Airport,Galbraith Lake,1.0,,,,,,,,,,,,1.0
11865,GCC,WY,Northeast Wyoming Regional,Gillette,65.0,57.0,65.0,20.0,43.0,42.0,32.0,48.0,31.0,47.0,51.0,57.0,558.0
11867,GCK,KS,Garden City Regional,Garden City,57.0,56.0,56.0,35.0,31.0,30.0,61.0,61.0,59.0,63.0,58.0,57.0,624.0
11869,GCN,AZ,Grand Canyon National Park,Grand Canyon,,,,,,,2.0,2.0,,,,,4.0
11879,GDV,MT,Dawson Community,Glendive,63.0,54.0,58.0,60.0,62.0,59.0,64.0,64.0,61.0,62.0,60.0,62.0,729.0
11884,GEG,WA,Spokane International,Spokane,1861.0,1760.0,1684.0,617.0,503.0,831.0,1272.0,1520.0,1405.0,1553.0,1583.0,1521.0,16110.0
11898,GFK,ND,Grand Forks International,Grand Forks,157.0,163.0,161.0,55.0,34.0,38.0,84.0,100.0,96.0,108.0,110.0,99.0,1205.0
11905,GGG,TX,East Texas Regional,Longview,81.0,75.0,69.0,33.0,29.0,30.0,53.0,30.0,55.0,62.0,61.0,71.0,649.0
11908,GGW,MT,Wokal Field Glasgow Valley County,Glasgow,60.0,56.0,56.0,60.0,62.0,61.0,62.0,62.0,61.0,61.0,59.0,58.0,718.0
11921,GJT,CO,Grand Junction Regional,Grand Junction,473.0,446.0,404.0,134.0,126.0,147.0,224.0,271.0,292.0,364.0,375.0,403.0,3659.0
11924,GKN,AK,Gulkana Airport,Gulkana,27.0,24.0,25.0,27.0,24.0,9.0,27.0,27.0,24.0,27.0,26.0,25.0,292.0
11931,GLH,MS,Greenville Mid Delta,Greenville,74.0,66.0,78.0,70.0,81.0,79.0,74.0,75.0,79.0,73.0,59.0,60.0,868.0
11941,GLV,AK,Golovin Airport,Golovin,73.0,70.0,43.0,20.0,48.0,51.0,73.0,61.0,53.0,53.0,37.0,45.0,627.0
11952,GNU,AK,Goodnews,Goodnews Bay,51.0,32.0,57.0,39.0,45.0,42.0,54.0,56.0,49.0,66.0,36.0,29.0,556.0
11953,GNV,FL,Gainesville Regional,Gainesville,460.0,426.0,414.0,142.0,140.0,150.0,177.0,262.0,218.0,245.0,255.0,258.0,3147.0
11973,GPT,MS,Gulfport-Biloxi International,Gulfport/Biloxi,391.0,391.0,359.0,188.0,178.0,164.0,257.0,305.0,257.0,284.0,302.0,335.0,3411.0
11977,GRB,WI,Green Bay Austin Straubel International,Green Bay,526.0,485.0,479.0,163.0,85.0,96.0,294.0,391.0,392.0,377.0,378.0,358.0,4024.0
11980,GRI,NE,Central Nebraska Regional,Grand Island,76.0,75.0,73.0,41.0,43.0,47.0,68.0,67.0,72.0,80.0,77.0,77.0,796.0
11982,GRK,TX,Robert Gray AAF,Killeen,265.0,260.0,244.0,106.0,80.0,76.0,155.0,189.0,169.0,194.0,215.0,226.0,2179.0
11986,GRR,MI,Gerald R. Ford International,Grand Rapids,1759.0,1776.0,1721.0,525.0,452.0,547.0,1048.0,1169.0,995.0,1041.0,1088.0,1148.0,13269.0
11995,GSO,NC,Piedmont Triad International,Greensboro/High Point,1502.0,1396.0,1302.0,294.0,273.0,377.0,654.0,728.0,611.0,645.0,657.0,671.0,9110.0
11996,GSP,SC,Greenville-Spartanburg International,Greer,1519.0,1420.0,1344.0,437.0,474.0,527.0,752.0,961.0,762.0,743.0,778.0,841.0,10558.0
11997,GST,AK,Gustavus Airport,Gustavus,55.0,56.0,70.0,23.0,36.0,82.0,94.0,97.0,69.0,54.0,24.0,26.0,686.0
12003,GTF,MT,Great Falls International,Great Falls,233.0,213.0,216.0,104.0,86.0,111.0,214.0,233.0,239.0,225.0,222.0,239.0,2335.0
12007,GTR,MS,Golden Triangle Regional,Columbus,112.0,108.0,101.0,54.0,30.0,30.0,60.0,62.0,60.0,92.0,95.0,87.0,891.0
12012,GUC,CO,Gunnison-Crested Butte Regional,Gunnison,125.0,117.0,82.0,19.0,15.0,13.0,53.0,54.0,49.0,32.0,29.0,82.0,670.0
12016,GUM,TT,Guam International,Guam,122.0,104.0,85.0,31.0,44.0,43.0,43.0,45.0,42.0,45.0,42.0,44.0,690.0
12021,GUS,IN,Grissom ARB,Peru,1.0,,1.0,,,,,,,,,,2.0
12039,GWO,MS,Greenwood/Leflore,Greenwood,,,,,,0.0,,,0.0,,,,0.0
12087,HCR,AK,Holy Cross Airport,Holy Cross,58.0,50.0,15.0,20.0,49.0,36.0,41.0,27.0,44.0,29.0,28.0,24.0,421.0
12094,HDN,CO,Yampa Valley,Hayden,333.0,337.0,253.0,30.0,22.0,28.0,56.0,63.0,62.0,62.0,59.0,245.0,1550.0
12119,HGR,MD,Hagerstown Regional-Richard A. Henson Field,Hagerstown,12.0,10.0,9.0,2.0,11.0,25.0,27.0,25.0,10.0,9.0,10.0,14.0,164.0
12124,HHH,SC,Hilton Head Airport,Hilton Head,184.0,167.0,204.0,107.0,116.0,117.0,177.0,214.0,178.0,160.0,166.0,167.0,1957.0
12127,HHR,CA,Jack Northrop Field/Hawthorne Municipal,Hawthorne,83.0,76.0,54.0,21.0,30.0,34.0,41.0,40.0,38.0,40.0,40.0,28.0,525.0
12129,HIB,MN,Range Regional,Hibbing,57.0,50.0,50.0,47.0,32.0,30.0,57.0,54.0,51.0,54.0,52.0,52.0,586.0
12173,HNL,HI,Daniel K Inouye International,Honolulu,4986.0,4685.0,4589.0,1378.0,1501.0,1966.0,2899.0,2512.0,1806.0,2356.0,2956.0,3104.0,34738.0
12141,HKB,AK,Healy River,Healy,17.0,18.0,11.0,3.0,24.0,22.0,18.0,16.0,18.0,16.0,20.0,16.0,199.0
12156,HLN,MT,Helena Regional,Helena,200.0,187.0,191.0,87.0,112.0,74.0,90.0,129.0,120.0,124.0,130.0,136.0,1580.0
12171,HNH,AK,Hoonah Airport,Hoonah,75.0,113.0,114.0,31.0,51.0,90.0,122.0,109.0,99.0,86.0,63.0,49.0,1002.0
12174,HNM,HI,Hana Airport,Hana,,,,23.0,19.0,37.0,53.0,40.0,27.0,44.0,44.0,47.0,334.0
12175,HNS,AK,Haines Airport,Haines,74.0,110.0,107.0,44.0,71.0,136.0,166.0,141.0,133.0,124.0,54.0,45.0,1205.0
12177,HOB,NM,Lea County Regional,Hobbs,89.0,79.0,73.0,24.0,13.0,13.0,14.0,12.0,14.0,13.0,18.0,23.0,385.0
12184,HOM,AK,Homer Airport,Homer,233.0,229.0,122.0,87.0,90.0,89.0,106.0,110.0,96.0,96.0,79.0,165.0,1502.0
12190,HOT,AR,Memorial Field,Hot Springs,78.0,73.0,77.0,69.0,80.0,77.0,80.0,76.0,76.0,80.0,77.0,77.0,920.0
12191,HOU,TX,William P Hobby,Houston,4846.0,4424.0,4153.0,1954.0,1659.0,2470.0,3403.0,3726.0,3101.0,3018.0,3399.0,3315.0,39468.0
12195,HPB,AK,Hooper Bay Airport,Hooper Bay,172.0,157.0,90.0,80.0,123.0,139.0,132.0,146.0,135.0,125.0,122.0,90.0,1511.0
12197,HPN,NY,Westchester County,White Plains,1118.0,1051.0,1006.0,127.0,34.0,137.0,353.0,403.0,171.0,255.0,305.0,335.0,5295.0
12206,HRL,TX,Valley International,Harlingen/San Benito,443.0,423.0,387.0,156.0,141.0,142.0,190.0,233.0,215.0,214.0,249.0,256.0,3049.0
12207,HRO,AR,Boone County,Harrison,75.0,71.0,78.0,72.0,75.0,78.0,80.0,79.0,77.0,79.0,78.0,78.0,920.0
12214,HSL,AK,Huslia Airport,Huslia,66.0,75.0,51.0,29.0,37.0,44.0,43.0,48.0,47.0,47.0,38.0,43.0,568.0
12217,HSV,AL,Huntsville International-Carl T Jones Field,Huntsville,915.0,895.0,840.0,280.0,286.0,288.0,461.0,625.0,489.0,584.0,579.0,549.0,6791.0
12223,HTS,WV,Tri-State/Milton J. Ferguson Field,Ashland,111.0,108.0,111.0,45.0,96.0,127.0,140.0,90.0,65.0,45.0,28.0,36.0,1002.0
12235,HUS,AK,Hughes Airport,Hughes,33.0,29.0,24.0,14.0,21.0,26.0,25.0,24.0,20.0,22.0,20.0,24.0,282.0
12244,HVN,CT,Tweed New Haven,New Haven,52.0,57.0,52.0,33.0,22.0,21.0,49.0,30.0,30.0,6.0,,,352.0
12245,HVR,MT,Havre City-County,Havre,57.0,56.0,56.0,62.0,64.0,60.0,62.0,62.0,59.0,61.0,58.0,62.0,719.0
12250,HYA,MA,Cape Cod Gateway,Hyannis,238.0,237.0,193.0,109.0,212.0,371.0,502.0,502.0,485.0,360.0,252.0,227.0,3688.0
12252,HYG,AK,Hydaburg Seaplane Base,Hydaburg,5.0,4.0,6.0,10.0,12.0,7.0,12.0,9.0,6.0,5.0,5.0,7.0,88.0
12253,HYL,AK,Hollis Seaplane Base,Hollis,11.0,19.0,9.0,9.0,11.0,36.0,24.0,26.0,28.0,44.0,21.0,20.0,258.0
12255,HYS,KS,Hays Regional,Hays,104.0,96.0,61.0,52.0,59.0,60.0,81.0,84.0,59.0,52.0,52.0,53.0,813.0
12264,IAD,VA,Washington Dulles International,Washington,7307.0,7031.0,6704.0,2449.0,2343.0,2405.0,3846.0,4532.0,4321.0,4450.0,4346.0,4515.0,54249.0
12265,IAG,NY,Niagara Falls International,Niagara Falls,55.0,85.0,98.0,11.0,34.0,35.0,42.0,27.0,28.0,24.0,17.0,26.0,482.0
12266,IAH,TX,George Bush Intercontinental/Houston,Houston,14865.0,14350.0,13073.0,3740.0,3913.0,4055.0,6728.0,7513.0,7221.0,7952.0,8648.0,9016.0,101074.0
12268,IAN,AK,Bob Baker Memorial,Kiana,105.0,84.0,48.0,24.0,49.0,46.0,56.0,54.0,55.0,53.0,51.0,74.0,699.0
12278,ICT,KS,Wichita Dwight D Eisenhower National,Wichita,983.0,917.0,853.0,324.0,429.0,468.0,551.0,679.0,650.0,695.0,706.0,667.0,7922.0
12280,IDA,ID,Idaho Falls Regional,Idaho Falls,226.0,215.0,206.0,104.0,127.0,147.0,163.0,187.0,169.0,229.0,221.0,227.0,2221.0
12294,IGG,AK,Igiugig Airport,Igiugig,11.0,12.0,13.0,18.0,14.0,15.0,16.0,14.0,12.0,12.0,11.0,11.0,159.0
12297,IGM,AZ,Kingman Airport,Kingman,,,,,,,,,,1.0,1.0,,2.0
12315,IKO,AK,Nikolski AS,Nikolski,7.0,7.0,6.0,9.0,7.0,8.0,8.0,6.0,8.0,7.0,6.0,7.0,86.0
12321,ILI,AK,Iliamna Airport,Iliamna,76.0,75.0,76.0,61.0,73.0,81.0,101.0,105.0,104.0,79.0,59.0,67.0,957.0
12323,ILM,NC,Wilmington International,Wilmington,700.0,651.0,619.0,227.0,257.0,253.0,460.0,552.0,440.0,442.0,450.0,470.0,5521.0
12335,IMT,MI,Ford,Iron Mountain/Kingsfd,57.0,53.0,57.0,54.0,57.0,57.0,61.0,59.0,58.0,63.0,59.0,62.0,697.0
12339,IND,IN,Indianapolis International,Indianapolis,4208.0,3973.0,4010.0,1213.0,1076.0,1494.0,2404.0,2480.0,2027.0,2431.0,2233.0,2157.0,29706.0
12343,INL,MN,Falls International Einarson Field,International Falls,52.0,49.0,53.0,48.0,31.0,33.0,53.0,54.0,50.0,55.0,52.0,52.0,582.0
12363,IPL,CA,Imperial County,El Centro,105.0,96.0,105.0,106.0,111.0,103.0,97.0,105.0,103.0,105.0,102.0,105.0,1243.0
12365,IPT,PA,Williamsport Regional,Williamsport,56.0,39.0,24.0,18.0,20.0,21.0,30.0,44.0,38.0,6.0,,,296.0
12370,IRC,AK,Circle City,Circle,17.0,17.0,19.0,22.0,20.0,22.0,22.0,20.0,18.0,18.0,17.0,18.0,230.0
12375,IRK,MO,Kirksville Regional,Kirksville,74.0,85.0,90.0,86.0,90.0,90.0,91.0,91.0,90.0,94.0,89.0,87.0,1057.0
12390,ISO,NC,Kinston Regional Jetport at Stallings Field,Kinston,,,,1.0,,,,,,,,,1.0
12391,ISP,NY,Long Island MacArthur,Islip,543.0,516.0,525.0,112.0,63.0,161.0,210.0,232.0,150.0,244.0,322.0,304.0,3382.0
12397,ITH,NY,Ithaca Tompkins International,Ithaca/Cortland,203.0,211.0,219.0,89.0,73.0,76.0,91.0,93.0,67.0,62.0,99.0,62.0,1345.0
12402,ITO,HI,Hilo International,Hilo,557.0,581.0,591.0,194.0,217.0,282.0,391.0,330.0,228.0,288.0,366.0,324.0,4349.0
12412,IWD,MI,Gogebic-Iron County,Ironwood,80.0,63.0,67.0,76.0,78.0,,31.0,62.0,83.0,76.0,81.0,72.0,769.0
12441,JAC,WY,Jackson Hole,Jackson,450.0,437.0,327.0,81.0,115.0,181.0,437.0,497.0,346.0,252.0,249.0,477.0,3849.0
12448,JAN,MS,Jackson Medgar Wiley Evers International,Jackson/Vicksburg,717.0,683.0,603.0,195.0,213.0,227.0,339.0,480.0,346.0,382.0,392.0,433.0,5010.0
12451,JAX,FL,Jacksonville International,Jacksonville,2507.0,2323.0,2293.0,718.0,676.0,915.0,1374.0,1459.0,1151.0,1216.0,1418.0,1454.0,17504.0
12455,JBR,AR,Jonesboro Municipal,Jonesboro,62.0,67.0,71.0,42.0,60.0,70.0,79.0,78.0,76.0,79.0,78.0,78.0,840.0
12478,JFK,NY,John F. Kennedy International,New York,10340.0,9795.0,8981.0,1387.0,936.0,1922.0,3266.0,3401.0,3085.0,3592.0,3695.0,3647.0,54047.0
12492,JHM,HI,Kapalua Airport,Kapalua,81.0,95.0,72.0,21.0,30.0,55.0,67.0,37.0,17.0,25.0,41.0,47.0,588.0
12511,JLN,MO,Joplin Regional,Joplin,105.0,99.0,96.0,41.0,29.0,30.0,81.0,79.0,59.0,82.0,72.0,61.0,834.0
12519,JMS,ND,Jamestown Regional,Jamestown,74.0,77.0,75.0,81.0,61.0,33.0,72.0,81.0,80.0,83.0,79.0,82.0,878.0
12523,JNU,AK,Juneau International,Juneau,695.0,803.0,841.0,386.0,496.0,832.0,1000.0,964.0,772.0,760.0,590.0,506.0,8645.0
12544,USA,NC,Concord Padgett Regional,Concord,111.0,106.0,82.0,2.0,48.0,96.0,89.0,85.0,56.0,76.0,66.0,81.0,898.0
12553,JRV,PR,Jose Aponte de la Torre,Ceiba,435.0,401.0,287.0,127.0,177.0,303.0,438.0,267.0,275.0,300.0,334.0,321.0,3665.0
12559,JST,PA,John Murtha Johnstown-Cambria County,Johnstown,121.0,120.0,124.0,129.0,127.0,130.0,135.0,139.0,132.0,127.0,120.0,48.0,1452.0
12610,KAE,AK,Kake Seaplane Base,Kake,51.0,55.0,45.0,24.0,45.0,56.0,67.0,66.0,56.0,72.0,44.0,41.0,622.0
12615,KAL,AK,Kaltag Airport,Kaltag,51.0,44.0,19.0,22.0,23.0,22.0,26.0,23.0,24.0,24.0,21.0,30.0,329.0
12621,KBC,AK,Birch Creek Airport,Birch Creek,15.0,17.0,15.0,10.0,15.0,16.0,13.0,12.0,14.0,14.0,10.0,16.0,167.0
12633,KCC,AK,Coffman Cove Seaplane Base,Coffman Cove,6.0,12.0,12.0,11.0,13.0,13.0,15.0,14.0,12.0,13.0,13.0,12.0,146.0
12635,KCG,AK,Chignik Bay Airport,Chignik Bay,19.0,18.0,16.0,16.0,21.0,23.0,21.0,23.0,23.0,19.0,14.0,15.0,228.0
12638,KCL,AK,Chignik Lagoon Airport,Chignik Lagoon,18.0,17.0,15.0,18.0,23.0,23.0,24.0,24.0,22.0,20.0,18.0,18.0,240.0
12641,KCQ,AK,Chignik Lake,Chignik,18.0,18.0,17.0,20.0,27.0,26.0,24.0,24.0,28.0,23.0,19.0,19.0,263.0
12649,KEB,AK,Nanwalek Airport,Nanwalek,100.0,83.0,79.0,50.0,53.0,67.0,87.0,97.0,77.0,66.0,64.0,77.0,900.0
12652,KEH,WA,Kenmore Air Harbor,Kenmore,77.0,88.0,48.0,,6.0,29.0,89.0,103.0,47.0,20.0,,,507.0
12653,KEK,AK,Ekwok Airport,Ekwok,53.0,54.0,46.0,37.0,50.0,41.0,56.0,54.0,59.0,54.0,44.0,41.0,589.0
12663,KFP,AK,False Pass Airport,False Pass,15.0,11.0,6.0,13.0,15.0,17.0,13.0,13.0,9.0,13.0,7.0,9.0,141.0
12671,KGK,AK,Koliganek Airport,Koliganek,52.0,40.0,38.0,32.0,34.0,39.0,40.0,43.0,42.0,38.0,33.0,32.0,463.0
12676,KGX,AK,Grayling Airport,Grayling,41.0,47.0,11.0,18.0,22.0,16.0,36.0,27.0,19.0,23.0,7.0,10.0,277.0
12704,KKA,AK,Koyuk Alfred Adams,Koyuk,112.0,93.0,43.0,46.0,60.0,75.0,85.0,66.0,57.0,63.0,39.0,78.0,817.0
12705,KKB,AK,Kitoi Bay Airport,Kitoi Bay,5.0,4.0,4.0,5.0,6.0,9.0,11.0,10.0,5.0,5.0,4.0,5.0,73.0
12708,KKH,AK,Kongiganak Airport,Kongiganak,146.0,102.0,106.0,69.0,101.0,130.0,129.0,143.0,98.0,94.0,96.0,81.0,1295.0
12709,KKI,AK,Akiachak Airport,Akiachak,90.0,82.0,50.0,46.0,76.0,62.0,55.0,67.0,70.0,72.0,75.0,63.0,808.0
12716,KKU,AK,Ekuk Airport,Ekuk,,,,,,,3.0,,,,,,3.0
12719,KLG,AK,Kalskag Airport,Kalskag,128.0,121.0,30.0,27.0,57.0,51.0,85.0,71.0,66.0,71.0,50.0,90.0,847.0
12720,KLL,AK,Levelock Airport,Levelock,32.0,22.0,30.0,21.0,33.0,34.0,35.0,38.0,42.0,35.0,22.0,26.0,370.0
12721,KLN,AK,Larsen Bay Airport,Larsen Bay,37.0,34.0,37.0,17.0,26.0,61.0,73.0,89.0,68.0,58.0,57.0,44.0,601.0
12728,KLW,AK,Klawock Airport,Klawock,140.0,134.0,141.0,45.0,79.0,176.0,264.0,280.0,159.0,185.0,151.0,142.0,1896.0
12737,KMO,AK,Manokatak Seaplane Base,Manokotak,84.0,75.0,80.0,56.0,77.0,66.0,70.0,65.0,63.0,48.0,49.0,52.0,785.0
12743,KMY,AK,Moser Bay Airport,Moser Bay,3.0,5.0,4.0,5.0,8.0,14.0,12.0,13.0,8.0,5.0,4.0,5.0,86.0
12748,KNK,AK,Kokhanok Airport,Kokhanok,34.0,29.0,27.0,25.0,25.0,29.0,20.0,41.0,38.0,36.0,29.0,20.0,353.0
12755,KNW,AK,New Stuyahok Airport,New Stuyahok,113.0,94.0,94.0,65.0,62.0,82.0,87.0,83.0,100.0,79.0,63.0,63.0,985.0
12758,KOA,HI,Ellison Onizuka Kona International at Keahole,Kona,1350.0,1275.0,1288.0,290.0,331.0,435.0,682.0,532.0,354.0,543.0,785.0,980.0,8845.0
12769,KOT,AK,Kotlik Airport,Kotlik,173.0,140.0,89.0,95.0,133.0,146.0,129.0,128.0,134.0,154.0,92.0,104.0,1517.0
12771,KOY,AK,Olga Bay Seaplane Base,Olga Bay,4.0,5.0,4.0,5.0,8.0,15.0,13.0,12.0,8.0,5.0,4.0,5.0,88.0
12772,KOZ,AK,Ouzinkie Airport,Ouzinkie,48.0,43.0,47.0,30.0,35.0,53.0,59.0,57.0,50.0,54.0,45.0,48.0,569.0
12773,KPB,AK,Point Baker Airport,Point Baker,2.0,8.0,5.0,7.0,7.0,7.0,7.0,6.0,6.0,7.0,5.0,5.0,72.0
12779,KPN,AK,Kipnuk Airport,Kipnuk,204.0,134.0,79.0,89.0,120.0,160.0,161.0,155.0,139.0,118.0,99.0,115.0,1573.0
12782,KPR,AK,Port Williams Airport,Port Williams,5.0,4.0,4.0,5.0,6.0,9.0,11.0,9.0,5.0,5.0,4.0,5.0,72.0
12784,KPV,AK,Perryville Airport,Perryville,18.0,15.0,21.0,17.0,22.0,23.0,21.0,22.0,23.0,19.0,16.0,15.0,232.0
12785,KPY,AK,Port Bailey Airport,Port Bailey,4.0,4.0,5.0,4.0,6.0,9.0,9.0,8.0,6.0,5.0,4.0,5.0,69.0
12786,KQA,AK,Akutan Airport,Akutan,106.0,71.0,58.0,53.0,62.0,57.0,57.0,60.0,48.0,72.0,38.0,74.0,756.0
12807,KSM,AK,St. Mary's Airport,St. Mary's,261.0,230.0,7.0,60.0,99.0,91.0,142.0,87.0,64.0,82.0,45.0,80.0,1248.0
12815,KTB,AK,Thorne Bay Seaplane Base,Thorne Bay,25.0,25.0,28.0,28.0,38.0,41.0,45.0,40.0,42.0,46.0,32.0,24.0,414.0
12819,KTN,AK,Ketchikan International,Ketchikan,302.0,290.0,301.0,96.0,132.0,268.0,400.0,398.0,280.0,260.0,214.0,217.0,3158.0
12822,KTS,AK,Brevig Mission Airport,Brevig Mission,86.0,78.0,46.0,38.0,54.0,67.0,57.0,64.0,63.0,67.0,48.0,68.0,736.0
12831,KUK,AK,Kasigluk Airport,Kasigluk,156.0,131.0,94.0,41.0,74.0,90.0,98.0,94.0,104.0,83.0,79.0,81.0,1125.0
12841,KVC,AK,King Cove Airport,King Cove,52.0,22.0,19.0,30.0,42.0,51.0,42.0,39.0,28.0,41.0,22.0,42.0,430.0
12844,KVL,AK,Kivalina Airport,Kivalina,112.0,91.0,52.0,35.0,48.0,71.0,85.0,75.0,72.0,62.0,49.0,78.0,830.0
12851,KWK,AK,Kwigillingok Airport,Kwigillingok,148.0,83.0,81.0,59.0,86.0,105.0,112.0,99.0,87.0,77.0,73.0,74.0,1084.0
12853,KWN,AK,Quinhagak Airport,Quinhagak,200.0,168.0,128.0,99.0,131.0,142.0,151.0,166.0,138.0,86.0,114.0,110.0,1633.0
12854,KWP,AK,West Point Village,West Point,4.0,4.0,5.0,4.0,7.0,10.0,11.0,9.0,7.0,5.0,5.0,5.0,76.0
12855,KWT,AK,Kwethluk Airport,Kwethluk,93.0,89.0,48.0,47.0,64.0,60.0,74.0,67.0,73.0,65.0,50.0,48.0,778.0
12857,KXA,AK,Kasaan Seaplane Base,Kasaan,4.0,3.0,,4.0,5.0,4.0,5.0,4.0,4.0,6.0,4.0,7.0,50.0
12866,KYK,AK,Karluk Airport,Karluk,14.0,16.0,17.0,9.0,15.0,18.0,14.0,11.0,14.0,15.0,11.0,13.0,167.0
12868,KYU,AK,Koyukuk Airport,Koyukuk,37.0,36.0,25.0,19.0,23.0,25.0,25.0,34.0,26.0,32.0,30.0,32.0,344.0
12869,KZB,AK,Zachar Bay Airport,Zachar Bay,1.0,4.0,5.0,4.0,6.0,9.0,9.0,8.0,7.0,4.0,4.0,5.0,66.0
12878,LAF,IN,Purdue University,Lafayette,2.0,,,,,,,,,,,,2.0
12884,LAN,MI,Capital Region International,Lansing,331.0,321.0,290.0,108.0,70.0,69.0,93.0,148.0,143.0,191.0,171.0,150.0,2085.0
12888,LAR,WY,Laramie Regional,Laramie,54.0,48.0,50.0,47.0,30.0,30.0,50.0,55.0,50.0,49.0,53.0,50.0,566.0
12889,LAS,NV,Harry Reid International,Las Vegas,14622.0,13521.0,10842.0,3755.0,4021.0,5906.0,8855.0,9551.0,8074.0,9128.0,9303.0,8590.0,106168.0
12891,LAW,OK,Lawton-Fort Sill Regional,Lawton/Fort Sill,111.0,96.0,89.0,31.0,34.0,30.0,57.0,62.0,58.0,68.0,66.0,52.0,754.0
12892,LAX,CA,Los Angeles International,Los Angeles,20216.0,18901.0,17704.0,4925.0,4079.0,5495.0,8988.0,9777.0,8574.0,9511.0,9924.0,10562.0,128656.0
12896,LBB,TX,Lubbock Preston Smith International,Lubbock,615.0,585.0,547.0,205.0,267.0,251.0,325.0,382.0,356.0,396.0,426.0,435.0,4790.0
12898,LBE,PA,Arnold Palmer Regional,Latrobe,77.0,86.0,108.0,22.0,13.0,25.0,94.0,71.0,16.0,36.0,59.0,64.0,671.0
12899,LBF,NE,North Platte Regional Airport Lee Bird Field,North Platte,53.0,47.0,48.0,52.0,59.0,57.0,83.0,84.0,56.0,52.0,52.0,52.0,695.0
12902,LBL,KS,Liberal Mid-America Regional,Liberal,52.0,49.0,46.0,51.0,29.0,30.0,48.0,53.0,51.0,53.0,52.0,53.0,567.0
12915,LCH,LA,Lake Charles Regional,Lake Charles,155.0,170.0,160.0,70.0,95.0,80.0,131.0,121.0,78.0,55.0,56.0,58.0,1229.0
12917,LCK,OH,Rickenbacker International,Columbus,54.0,59.0,79.0,7.0,71.0,118.0,146.0,105.0,58.0,74.0,78.0,74.0,923.0
12932,LEB,NH,Lebanon Municipal,Lebanon-Hanover,173.0,143.0,180.0,169.0,141.0,147.0,176.0,183.0,180.0,183.0,182.0,159.0,2016.0
12945,LEX,KY,Blue Grass,Lexington,997.0,939.0,924.0,312.0,337.0,366.0,535.0,559.0,555.0,567.0,567.0,577.0,7235.0
12951,LFT,LA,Lafayette Regional Paul Fournet Field,Lafayette,393.0,374.0,344.0,125.0,150.0,140.0,274.0,339.0,289.0,289.0,342.0,349.0,3408.0
12953,LGA,NY,LaGuardia,New York,13753.0,12867.0,11387.0,1102.0,664.0,2010.0,4094.0,3724.0,3275.0,3288.0,3632.0,3797.0,63593.0
12954,LGB,CA,Long Beach Airport,Long Beach,1399.0,1348.0,1174.0,266.0,275.0,386.0,543.0,467.0,522.0,545.0,604.0,663.0,8192.0
12982,LIH,HI,Lihue Airport,Lihue,1269.0,1204.0,1159.0,229.0,233.0,303.0,403.0,344.0,250.0,404.0,673.0,288.0,6759.0
12992,LIT,AR,Bill and Hillary Clinton Nat Adams Field,Little Rock,1175.0,1123.0,1061.0,447.0,415.0,415.0,650.0,682.0,645.0,703.0,749.0,791.0,8856.0
13002,LKE,WA,Lake Union Terminal,Seattle,118.0,172.0,86.0,,3.0,78.0,277.0,334.0,142.0,76.0,,,1286.0
13016,LMA,AK,Lake Minchumina Airport,Lake Minchumina,9.0,8.0,10.0,9.0,8.0,9.0,10.0,10.0,8.0,9.0,9.0,9.0,108.0
13029,LNK,NE,Lincoln Airport,Lincoln,308.0,287.0,284.0,75.0,113.0,103.0,99.0,95.0,110.0,109.0,105.0,98.0,1786.0
13032,LNS,PA,Lancaster Airport,Lancaster,128.0,114.0,132.0,125.0,133.0,129.0,135.0,128.0,129.0,127.0,127.0,123.0,1530.0
13034,LNY,HI,Lanai Airport,Lanai,158.0,145.0,144.0,110.0,119.0,131.0,196.0,170.0,113.0,153.0,158.0,174.0,1771.0
13055,LPS,WA,Lopez Island Airport,Lopez Island,3.0,12.0,5.0,,,18.0,43.0,28.0,,,,,109.0
13061,LRD,TX,Laredo International,Laredo,205.0,191.0,172.0,77.0,77.0,80.0,121.0,122.0,116.0,122.0,131.0,133.0,1547.0
13076,LSE,WI,La Crosse Regional,La Crosse,179.0,168.0,168.0,76.0,43.0,43.0,105.0,118.0,129.0,159.0,143.0,154.0,1485.0
13109,LUP,HI,Kalaupapa Airport,Kalaupapa,,,,17.0,37.0,47.0,57.0,47.0,21.0,39.0,37.0,31.0,333.0
13111,LUR,AK,Cape Lisburne LRRS,Cape Lisburne,6.0,3.0,3.0,3.0,4.0,3.0,3.0,2.0,1.0,2.0,2.0,2.0,34.0
13121,LWB,WV,Greenbrier Valley,Lewisburg,34.0,29.0,42.0,50.0,31.0,30.0,57.0,70.0,67.0,63.0,52.0,29.0,554.0
13127,LWS,ID,Lewiston Nez Perce County,Lewiston,65.0,59.0,67.0,29.0,22.0,31.0,61.0,89.0,66.0,64.0,70.0,71.0,694.0
13139,LYH,VA,Lynchburg Regional/Preston Glenn Field,Lynchburg,204.0,182.0,171.0,54.0,67.0,61.0,80.0,25.0,86.0,108.0,128.0,123.0,1289.0
13158,MAF,TX,Midland International Air and Space Port,Midland/Odessa,835.0,739.0,735.0,248.0,283.0,311.0,465.0,473.0,483.0,493.0,543.0,548.0,6156.0
13176,MAZ,PR,Eugenio Maria de Hostos,Mayaguez,125.0,113.0,120.0,117.0,120.0,117.0,115.0,117.0,114.0,122.0,117.0,123.0,1420.0
13182,MBL,MI,Manistee County-Blacker,Manistee/Ludington,,,,,,,,,,61.0,56.0,58.0,175.0
13184,MBS,MI,MBS International,Saginaw/Bay City/Midland,245.0,235.0,233.0,75.0,58.0,60.0,123.0,151.0,144.0,142.0,147.0,134.0,1747.0
13192,MCC,CA,McClellan Airfield,Sacramento,,1.0,,,,,,,,,,,1.0
13194,MCE,CA,Merced Regional/Macready Field,Merced,114.0,123.0,99.0,117.0,128.0,121.0,125.0,125.0,122.0,122.0,118.0,99.0,1413.0
13196,MCG,AK,McGrath Airport,McGrath,35.0,37.0,40.0,22.0,33.0,29.0,28.0,28.0,33.0,36.0,33.0,37.0,391.0
13198,MCI,MO,Kansas City International,Kansas City,4158.0,4012.0,3925.0,1426.0,1367.0,1792.0,2504.0,2661.0,2129.0,2212.0,2364.0,2236.0,30786.0
13200,MCK,NE,McCook Ben Nelson Regional,McCook,51.0,49.0,44.0,52.0,53.0,52.0,51.0,54.0,52.0,50.0,48.0,46.0,602.0
13203,MCN,GA,Middle Georgia Regional,Macon,55.0,53.0,52.0,51.0,54.0,51.0,52.0,54.0,50.0,54.0,51.0,49.0,626.0
13204,MCO,FL,Orlando International,Orlando,13026.0,12637.0,12049.0,3605.0,3044.0,4885.0,7557.0,6566.0,5349.0,6859.0,8355.0,8791.0,92723.0
13211,MCW,IA,Mason City Municipal,Mason City,141.0,118.0,143.0,118.0,125.0,126.0,129.0,122.0,125.0,126.0,117.0,124.0,1514.0
13230,MDT,PA,Harrisburg International,Harrisburg,941.0,932.0,861.0,347.0,306.0,333.0,579.0,684.0,542.0,560.0,549.0,543.0,7177.0
13232,MDW,IL,Chicago Midway International,Chicago,5837.0,5349.0,4592.0,2860.0,3160.0,4657.0,5555.0,5464.0,4263.0,4442.0,4515.0,4115.0,54809.0
13241,MEI,MS,Key Field,Meridian,62.0,56.0,63.0,52.0,33.0,31.0,53.0,50.0,52.0,54.0,52.0,53.0,611.0
13244,MEM,TN,Memphis International,Memphis,2243.0,2052.0,1975.0,656.0,601.0,780.0,1186.0,1439.0,1219.0,1410.0,1376.0,1399.0,16336.0
13256,MFE,TX,McAllen Miller International,Mission/McAllen/Edinburg,448.0,427.0,361.0,112.0,157.0,143.0,258.0,263.0,239.0,268.0,287.0,309.0,3272.0
13264,MFR,OR,Rogue Valley International - Medford,Medford,688.0,644.0,637.0,231.0,241.0,373.0,469.0,538.0,449.0,626.0,628.0,623.0,6147.0
13277,MGM,AL,Montgomery Regional,Montgomery,374.0,368.0,347.0,112.0,122.0,121.0,171.0,299.0,233.0,230.0,233.0,246.0,2856.0
13282,MGW,WV,Morgantown Municipal,Morgantown,163.0,153.0,162.0,160.0,167.0,163.0,166.0,164.0,164.0,165.0,162.0,153.0,1942.0
13290,MHK,KS,Manhattan Regional,Manhattan/Ft. Riley,138.0,143.0,138.0,44.0,34.0,30.0,83.0,53.0,55.0,61.0,58.0,63.0,900.0
13296,MHT,NH,Manchester Boston Regional,Manchester,787.0,799.0,804.0,417.0,295.0,351.0,450.0,481.0,336.0,349.0,377.0,357.0,5803.0
13303,MIA,FL,Miami International,Miami,8382.0,7828.0,7017.0,2179.0,1498.0,2982.0,4708.0,3616.0,2951.0,3175.0,4509.0,5182.0,54027.0
13342,MKE,WI,General Mitchell International,Milwaukee,2772.0,2634.0,2621.0,1091.0,910.0,1081.0,1513.0,1826.0,1482.0,1535.0,1580.0,1401.0,20446.0
13344,MKG,MI,Muskegon County,Muskegon,52.0,48.0,47.0,52.0,33.0,30.0,58.0,63.0,58.0,53.0,52.0,56.0,602.0
13347,MKK,HI,Molokai,Hoolehua,93.0,87.0,90.0,233.0,280.0,449.0,740.0,444.0,263.0,439.0,571.0,527.0,4216.0
13348,MKL,TN,McKellar-Sipes Regional,Jackson,71.0,72.0,80.0,72.0,78.0,78.0,80.0,76.0,78.0,79.0,77.0,79.0,920.0
13360,MLB,FL,Melbourne Orlando International,Melbourne,273.0,252.0,223.0,117.0,92.0,63.0,126.0,151.0,121.0,173.0,185.0,202.0,1978.0
13367,MLI,IL,Quad Cities International,Moline,535.0,529.0,490.0,167.0,150.0,167.0,305.0,311.0,284.0,283.0,244.0,240.0,3705.0
13369,MLL,AK,Marshall Don Hunter Sr.,Marshall,93.0,75.0,3.0,25.0,58.0,70.0,77.0,72.0,74.0,116.0,66.0,62.0,791.0
13377,MLU,LA,Monroe Regional,Monroe,264.0,238.0,223.0,99.0,72.0,77.0,154.0,188.0,169.0,178.0,187.0,200.0,2049.0
13381,MLY,AK,Manley Hot Springs Airport,Manley Hot Springs,20.0,19.0,19.0,20.0,20.0,22.0,24.0,21.0,20.0,16.0,20.0,20.0,241.0
13388,MMH,CA,Mammoth Lakes Airport,Mammoth Lakes,83.0,77.0,41.0,,,,,,,,,,201.0
13415,MNT,AK,Minto Al Wright,Minto,20.0,20.0,19.0,19.0,20.0,22.0,23.0,21.0,20.0,15.0,21.0,21.0,241.0
13422,MOB,AL,Mobile Regional,Mobile,551.0,540.0,523.0,205.0,188.0,172.0,314.0,444.0,327.0,364.0,363.0,370.0,4361.0
13433,MOT,ND,Minot International,Minot,232.0,213.0,217.0,86.0,76.0,95.0,142.0,200.0,192.0,251.0,242.0,226.0,2172.0
13434,MOU,AK,Mountain Village Airport,Mountain Village,106.0,91.0,3.0,19.0,41.0,52.0,52.0,52.0,44.0,57.0,27.0,42.0,586.0
13439,MPB,FL,Watson Island International,Miami,,,,,,,2.0,,,,,,2.0
13459,MQT,MI,Sawyer International,Marquette,93.0,89.0,102.0,57.0,43.0,43.0,118.0,122.0,93.0,85.0,114.0,114.0,1073.0
13467,MRI,AK,Merrill Field,Anchorage,27.0,28.0,60.0,13.0,32.0,28.0,31.0,35.0,29.0,34.0,33.0,36.0,386.0
13476,MRY,CA,Monterey Regional,Monterey,366.0,348.0,317.0,119.0,96.0,103.0,166.0,193.0,194.0,209.0,187.0,198.0,2496.0
13484,MSL,AL,Northwest Alabama Regional,Muscle Shoals,109.0,96.0,100.0,93.0,104.0,103.0,96.0,106.0,106.0,105.0,103.0,125.0,1246.0
13485,MSN,WI,Dane County Regional-Truax Field,Madison,1423.0,1353.0,1274.0,389.0,293.0,298.0,590.0,802.0,668.0,652.0,677.0,666.0,9085.0
13486,MSO,MT,Missoula Montana,Missoula,405.0,370.0,339.0,143.0,164.0,219.0,480.0,531.0,418.0,411.0,437.0,404.0,4321.0
13487,MSP,MN,Minneapolis-St Paul International,Minneapolis,13217.0,12456.0,12389.0,4340.0,3417.0,3774.0,7699.0,9530.0,8631.0,9290.0,9290.0,9335.0,103368.0
13490,MSS,NY,Massena International-Richards Field,Massena,68.0,76.0,73.0,79.0,87.0,88.0,90.0,96.0,91.0,92.0,86.0,87.0,1013.0
13495,MSY,LA,Louis Armstrong New Orleans International,New Orleans,4685.0,4684.0,4325.0,1318.0,1053.0,1386.0,2244.0,2347.0,1737.0,2095.0,2350.0,2166.0,30390.0
13502,MTJ,CO,Montrose Regional,Montrose/Delta,328.0,349.0,273.0,27.0,107.0,97.0,133.0,130.0,132.0,126.0,97.0,290.0,2089.0
13504,MTM,AK,Metlakatala,Metlakatla,35.0,46.0,41.0,69.0,85.0,60.0,85.0,77.0,65.0,83.0,49.0,60.0,755.0
13520,MUE,HI,Waimea-Kohala,Kamuela,,,,35.0,46.0,57.0,59.0,50.0,36.0,41.0,50.0,56.0,430.0
13535,MVL,VT,Morrisville Stowe State,Morrisville,9.0,9.0,2.0,,,,,,,,,,20.0
13541,MVY,MA,Martha's Vineyard Airport,Martha's Vineyard,188.0,182.0,132.0,39.0,85.0,265.0,428.0,380.0,338.0,232.0,157.0,134.0,2560.0
13543,MWA,IL,Veterans Airport of Southern Illinois,Marion/Herrin,155.0,144.0,161.0,157.0,154.0,155.0,164.0,156.0,167.0,163.0,160.0,168.0,1904.0
13564,MXY,AK,McCarthy Airport,McCarthy,9.0,8.0,8.0,9.0,8.0,,9.0,9.0,8.0,9.0,9.0,9.0,95.0
13574,MYK,AK,May Creek Airport,May Creek,9.0,8.0,8.0,9.0,8.0,,9.0,9.0,8.0,9.0,9.0,9.0,95.0
13577,MYR,SC,Myrtle Beach International,Myrtle Beach,525.0,584.0,753.0,205.0,270.0,568.0,1282.0,1011.0,694.0,693.0,661.0,536.0,7782.0
13579,MYU,AK,Mekoryuk Airport,Mekoryuk,39.0,35.0,,12.0,24.0,16.0,21.0,28.0,18.0,27.0,15.0,13.0,248.0
13629,NCN,AK,Chenega Bay,Chenega,,,8.0,,,,,,,,,,8.0
13676,NIB,AK,Nikolai Airport,Nikolai,23.0,22.0,28.0,19.0,26.0,27.0,20.0,19.0,25.0,34.0,21.0,22.0,286.0
13693,NKI,AK,Naukiti Airport,Naukiti,4.0,8.0,8.0,7.0,8.0,10.0,7.0,9.0,8.0,8.0,5.0,4.0,86.0
13704,NLG,AK,Nelson Lagoon Airport,Nelson Lagoon,10.0,9.0,7.0,6.0,9.0,13.0,14.0,9.0,11.0,11.0,6.0,12.0,117.0
13710,NME,AK,Nightmute Airport,Nightmute,91.0,37.0,50.0,67.0,87.0,71.0,78.0,94.0,78.0,76.0,49.0,32.0,810.0
13714,NNK,AK,Naknek Airport,Naknek,,,,,,,,,,1.0,,,1.0
13715,NNL,AK,Nondalton Airport,Nondalton,18.0,17.0,20.0,14.0,17.0,16.0,23.0,21.0,24.0,21.0,13.0,21.0,225.0
13767,NUI,AK,Nuiqsut Airport,Nuiqsut,72.0,51.0,,38.0,50.0,84.0,65.0,72.0,71.0,57.0,69.0,62.0,691.0
13768,NUL,AK,Nulato Airport,Nulato,81.0,73.0,42.0,30.0,35.0,44.0,50.0,42.0,37.0,47.0,43.0,54.0,578.0
13770,NUP,AK,Nunapitchuk Airport,Nunapitchuk,130.0,118.0,81.0,31.0,78.0,87.0,95.0,73.0,62.0,79.0,49.0,58.0,941.0
16218,YUM,AZ,Yuma MCAS/Yuma International,Yuma,186.0,172.0,164.0,55.0,73.0,90.0,69.0,66.0,82.0,93.0,117.0,155.0,1322.0
13795,OAJ,NC,Albert J Ellis,Jacksonville/Camp Lejeune,281.0,263.0,282.0,119.0,118.0,120.0,194.0,248.0,236.0,232.0,215.0,237.0,2545.0
13796,OAK,CA,Metro Oakland International,Oakland,4189.0,3870.0,3560.0,1309.0,1242.0,1890.0,2663.0,2384.0,2038.0,2119.0,2243.0,2278.0,29785.0
13806,OBU,AK,Kobuk Airport,Kobuk,79.0,62.0,25.0,15.0,29.0,28.0,36.0,33.0,31.0,28.0,28.0,41.0,435.0
13829,OGD,UT,Ogden-Hinckley,Ogden,9.0,8.0,7.0,,3.0,8.0,9.0,9.0,8.0,9.0,10.0,7.0,87.0
13830,OGG,HI,Kahului Airport,Kahului,2383.0,2215.0,2151.0,524.0,551.0,815.0,1291.0,977.0,631.0,1045.0,1654.0,2025.0,16262.0
13832,OGS,NY,Ogdensburg International,Ogdensburg,49.0,61.0,65.0,50.0,38.0,33.0,54.0,54.0,48.0,53.0,52.0,53.0,610.0
13851,OKC,OK,Will Rogers World,Oklahoma City,2078.0,1866.0,1875.0,796.0,737.0,874.0,1276.0,1393.0,1226.0,1227.0,1253.0,1284.0,15885.0
13862,OLF,MT,L. M. Clayton,Wolf Point,62.0,57.0,61.0,59.0,62.0,61.0,63.0,63.0,60.0,61.0,59.0,63.0,731.0
13863,OLH,AK,Old Harbor Airport,Old Harbor,49.0,39.0,48.0,35.0,41.0,68.0,65.0,66.0,64.0,61.0,55.0,51.0,642.0
13871,OMA,NE,Eppley Airfield,Omaha,2180.0,2068.0,1982.0,709.0,778.0,913.0,1268.0,1435.0,1255.0,1312.0,1323.0,1339.0,16562.0
13873,OME,AK,Nome Airport,Nome,645.0,607.0,343.0,217.0,336.0,414.0,446.0,448.0,424.0,456.0,336.0,473.0,5145.0
13891,ONT,CA,Ontario International,Ontario,1972.0,1848.0,1661.0,634.0,651.0,1010.0,1316.0,1305.0,1145.0,1336.0,1322.0,1316.0,15516.0
13894,OOK,AK,Toksook Bay,Toksook,195.0,104.0,106.0,89.0,137.0,154.0,180.0,195.0,124.0,111.0,93.0,76.0,1564.0
13930,ORD,IL,Chicago O'Hare International,Chicago,30671.0,29649.0,28339.0,9910.0,8628.0,9034.0,16548.0,18380.0,16920.0,16734.0,15753.0,15399.0,215965.0
13931,ORF,VA,Norfolk International,Norfolk,2062.0,1908.0,1751.0,581.0,545.0,757.0,1095.0,1123.0,968.0,1041.0,1218.0,1255.0,14304.0
13933,ORH,MA,Worcester Regional,Worcester,146.0,134.0,126.0,49.0,53.0,37.0,31.0,30.0,29.0,,,,635.0
13934,ORI,AK,Port Lions Airport,Port Lions,50.0,38.0,51.0,31.0,34.0,57.0,59.0,61.0,57.0,58.0,46.0,52.0,594.0
13942,ORV,AK,Robert/Bob/Curtis Memorial,Noorvik,126.0,98.0,49.0,40.0,63.0,61.0,70.0,63.0,62.0,65.0,53.0,75.0,825.0
13964,OTH,OR,Southwest Oregon Regional,North Bend/Coos Bay,21.0,19.0,16.0,18.0,21.0,26.0,38.0,40.0,40.0,28.0,17.0,10.0,294.0
13970,OTZ,AK,Ralph Wien Memorial,Kotzebue,822.0,717.0,422.0,309.0,393.0,431.0,501.0,501.0,497.0,515.0,453.0,590.0,6151.0
13983,OWB,KY,Owensboro Daviess County Regional,Owensboro,98.0,94.0,99.0,89.0,97.0,98.0,104.0,98.0,96.0,103.0,99.0,104.0,1179.0
13984,OWD,MA,Norwood Memorial,Norwood,,,,,,,42.0,49.0,48.0,32.0,10.0,2.0,183.0
13987,OXC,CT,Waterbury Oxford,Waterbury,,1.0,,,,,,,,,,,1.0
14004,PAE,WA,Snohomish County,Everett,678.0,672.0,574.0,105.0,38.0,,,90.0,88.0,142.0,160.0,180.0,2727.0
14006,PAH,KY,Barkley Regional,Paducah,56.0,56.0,56.0,59.0,32.0,30.0,57.0,62.0,59.0,62.0,60.0,61.0,650.0
14013,PAQ,AK,Warren Bud Woods Palmer Municipal,Palmer,,1.0,,,,1.0,,,,,,,2.0
14025,PBG,NY,Plattsburgh International,Plattsburgh,103.0,129.0,140.0,57.0,60.0,60.0,81.0,70.0,57.0,72.0,71.0,66.0,966.0
14027,PBI,FL,Palm Beach International,West Palm Beach/Palm Beach,2827.0,2726.0,2518.0,608.0,376.0,631.0,919.0,773.0,662.0,965.0,1309.0,1604.0,15918.0
14028,PBK,AK,Pack Creek Airport,Pack Creek,,,,,1.0,,,3.0,,,,,4.0
14046,PDB,AK,Pedro Bay Airport,Pedro Bay,8.0,8.0,8.0,11.0,14.0,12.0,17.0,15.0,18.0,8.0,8.0,7.0,134.0
14054,PDT,OR,Eastern Oregon Regional at Pendleton,Pendleton,99.0,92.0,92.0,101.0,96.0,105.0,103.0,94.0,85.0,92.0,77.0,76.0,1112.0
14057,PDX,OR,Portland International,Portland,6846.0,6325.0,6008.0,1799.0,1662.0,2565.0,3679.0,4267.0,3870.0,4190.0,4220.0,4286.0,49717.0
14062,PEC,AK,Pelican Seaplane Base,Pelican,11.0,18.0,19.0,16.0,26.0,70.0,88.0,78.0,25.0,26.0,23.0,14.0,414.0
14081,PGA,AZ,Page Municipal,Page,48.0,45.0,49.0,31.0,60.0,60.0,53.0,54.0,48.0,40.0,39.0,33.0,560.0
14082,PGD,FL,Punta Gorda Airport,Punta Gorda,504.0,657.0,711.0,163.0,318.0,369.0,460.0,370.0,233.0,421.0,427.0,510.0,5143.0
14088,PGM,AK,Port Graham Airport,Port Graham,122.0,131.0,121.0,62.0,74.0,68.0,70.0,68.0,75.0,83.0,58.0,70.0,1002.0
14092,PGV,NC,Pitt Greenville,Greenville,113.0,97.0,100.0,40.0,60.0,60.0,67.0,74.0,60.0,12.0,,,683.0
14098,PHF,VA,Newport News/Williamsburg International,Newport News/Williamsburg,294.0,269.0,260.0,99.0,123.0,92.0,151.0,142.0,121.0,148.0,149.0,145.0,1993.0
14100,PHL,PA,Philadelphia International,Philadelphia,11688.0,11075.0,10777.0,4361.0,3429.0,3705.0,7446.0,9116.0,5388.0,5447.0,6399.0,6436.0,85267.0
14102,PHO,AK,Point Hope Airport,Point Hope,137.0,118.0,65.0,56.0,70.0,82.0,99.0,91.0,97.0,77.0,86.0,98.0,1076.0
14107,PHX,AZ,Phoenix Sky Harbor International,Phoenix,15699.0,14964.0,14706.0,5625.0,4606.0,6237.0,8841.0,9378.0,8916.0,9805.0,10364.0,10588.0,119729.0
14108,PIA,IL,General Downing - Peoria International,Peoria,484.0,485.0,498.0,180.0,194.0,203.0,300.0,323.0,292.0,282.0,253.0,228.0,3722.0
14109,PIB,MS,Hattiesburg-Laurel Regional,Hattiesburg/Laurel,56.0,53.0,56.0,45.0,31.0,31.0,54.0,51.0,50.0,53.0,52.0,54.0,586.0
14112,PIE,FL,St Pete Clearwater International,St. Petersburg,564.0,645.0,687.0,99.0,445.0,594.0,708.0,608.0,357.0,519.0,489.0,587.0,6302.0
14113,PIH,ID,Pocatello Regional,Pocatello,93.0,87.0,83.0,30.0,22.0,21.0,57.0,89.0,89.0,88.0,96.0,100.0,855.0
14119,PIP,AK,Pilot Point Airport,Pilot Point,22.0,22.0,28.0,23.0,28.0,37.0,34.0,29.0,31.0,28.0,17.0,26.0,325.0
14120,PIR,SD,Pierre Regional,Pierre,56.0,53.0,52.0,51.0,32.0,30.0,50.0,53.0,50.0,52.0,52.0,53.0,584.0
14122,PIT,PA,Pittsburgh International,Pittsburgh,4682.0,4354.0,4295.0,1695.0,1570.0,1867.0,2775.0,2880.0,2370.0,2463.0,2545.0,2382.0,33878.0
14125,PIZ,AK,Point Lay LRRS,Point Lay,51.0,55.0,,39.0,42.0,40.0,38.0,47.0,47.0,44.0,28.0,37.0,468.0
14130,PKA,AK,Napaskiak Airport,Napaskiak,47.0,53.0,26.0,44.0,41.0,22.0,33.0,35.0,42.0,36.0,34.0,38.0,451.0
14131,PKB,WV,Mid-Ohio Valley Regional,Parkersburg,52.0,49.0,44.0,51.0,53.0,15.0,51.0,53.0,50.0,53.0,52.0,47.0,570.0
14150,PLN,MI,Pellston Regional Airport of Emmet County,Pellston,75.0,70.0,74.0,68.0,32.0,37.0,146.0,124.0,122.0,53.0,52.0,54.0,907.0
14167,PML,AK,Port Moller Airport,Port Moller,2.0,3.0,1.0,3.0,10.0,8.0,9.0,6.0,3.0,3.0,3.0,4.0,55.0
14193,PNS,FL,Pensacola International,Pensacola,1073.0,1032.0,1055.0,478.0,404.0,605.0,940.0,1011.0,787.0,850.0,800.0,894.0,9929.0
14197,POB,NC,Pope AAF,Fayetteville,,,,,,,,,1.0,,,,1.0
14222,PPG,TT,Pago Pago International,Pago Pago,10.0,7.0,7.0,,,,,,,,,,24.0
14229,PPV,AK,Port Protection Airport,Port Protection,2.0,10.0,7.0,7.0,8.0,8.0,7.0,7.0,8.0,8.0,6.0,6.0,84.0
14231,PQI,ME,Presque Isle International,Presque Isle/Houlton,49.0,45.0,51.0,27.0,28.0,26.0,28.0,26.0,26.0,36.0,33.0,28.0,403.0
14234,PQS,AK,Pilot Station Airport,Pilot Station,145.0,110.0,3.0,45.0,70.0,64.0,118.0,60.0,23.0,66.0,37.0,65.0,806.0
14237,PRC,AZ,Prescott Regional Ernest A Love Field,Prescott,64.0,58.0,89.0,38.0,31.0,36.0,62.0,62.0,60.0,63.0,63.0,64.0,690.0
14252,PSC,WA,Tri Cities,Pasco/Kennewick/Richland,552.0,513.0,484.0,172.0,160.0,234.0,368.0,402.0,387.0,432.0,421.0,433.0,4558.0
14254,PSE,PR,Mercedita,Ponce,66.0,55.0,38.0,,,,0.0,,,,,,159.0
14256,PSG,AK,Petersburg James A Johnson,Petersburg,61.0,55.0,61.0,58.0,60.0,60.0,62.0,61.0,60.0,59.0,57.0,55.0,709.0
14259,PSM,NH,Portsmouth International at Pease,Portsmouth,20.0,43.0,35.0,16.0,21.0,25.0,29.0,23.0,8.0,18.0,19.0,23.0,280.0
14262,PSP,CA,Palm Springs International,Palm Springs,1298.0,1350.0,1308.0,329.0,302.0,345.0,371.0,413.0,483.0,884.0,1043.0,1288.0,9414.0
14268,PTA,AK,Port Alsworth Airport,Port Alsworth,12.0,12.0,13.0,13.0,15.0,17.0,14.0,14.0,15.0,15.0,10.0,11.0,161.0
14273,PTH,AK,Port Heiden Airport,Port Heiden,32.0,28.0,24.0,26.0,31.0,31.0,28.0,38.0,36.0,31.0,23.0,23.0,351.0
14282,PTU,AK,Platinum Airport,Platinum,21.0,14.0,16.0,16.0,20.0,23.0,16.0,28.0,34.0,27.0,10.0,9.0,234.0
14288,PUB,CO,Pueblo Memorial,Pueblo,78.0,47.0,46.0,51.0,59.0,60.0,80.0,87.0,57.0,50.0,52.0,52.0,719.0
14303,PUW,WA,Pullman Moscow Regional,Pullman,140.0,136.0,111.0,37.0,28.0,29.0,31.0,60.0,57.0,61.0,59.0,58.0,807.0
14306,PVC,MA,Provincetown Municipal,Provincetown,92.0,86.0,70.0,,32.0,108.0,127.0,106.0,91.0,79.0,65.0,53.0,909.0
14307,PVD,RI,Rhode Island Tf Green International,Providence,1497.0,1422.0,1331.0,530.0,328.0,451.0,708.0,794.0,614.0,730.0,748.0,619.0,9772.0
14314,PVU,UT,Provo Municipal,Provo,66.0,61.0,54.0,11.0,21.0,43.0,58.0,56.0,46.0,58.0,57.0,48.0,579.0
14321,PWM,ME,Portland International Jetport,Portland,1152.0,1090.0,1042.0,294.0,262.0,315.0,621.0,833.0,567.0,606.0,634.0,555.0,7971.0
14457,RAP,SD,Rapid City Regional,Rapid City,405.0,358.0,335.0,155.0,215.0,250.0,366.0,425.0,412.0,431.0,356.0,345.0,4053.0
14468,RBH,AK,Brooks Lodge Airport,Brooks Lodge,,,,,,,90.0,50.0,50.0,,,,190.0
14474,RBY,AK,Ruby Airport,Ruby,56.0,58.0,38.0,22.0,30.0,44.0,41.0,40.0,40.0,53.0,28.0,49.0,499.0
14477,RCE,WA,Roche Harbor Airport,Roche Harbor,6.0,9.0,5.0,,,29.0,128.0,149.0,52.0,14.0,1.0,,393.0
14485,RDB,AK,Red Dog Airport,Red Dog,3.0,7.0,,,,1.0,,,,,,,11.0
14487,RDD,CA,Redding Municipal,Redding,124.0,113.0,115.0,27.0,31.0,30.0,59.0,33.0,30.0,31.0,30.0,29.0,652.0
14489,RDM,OR,Roberts Field,Bend/Redmond,776.0,732.0,713.0,234.0,218.0,339.0,523.0,606.0,519.0,689.0,706.0,697.0,6752.0
14492,RDU,NC,Raleigh-Durham International,Raleigh/Durham,5411.0,5096.0,4806.0,1211.0,1015.0,1307.0,2151.0,2522.0,2069.0,2233.0,2332.0,2356.0,32509.0
14493,RDV,AK,Red Devil Airport,Red Devil,15.0,12.0,3.0,,8.0,9.0,14.0,9.0,7.0,8.0,1.0,8.0,94.0
14512,RFD,IL,Chicago/Rockford International,Rockford,61.0,66.0,82.0,18.0,40.0,61.0,76.0,60.0,42.0,68.0,61.0,66.0,701.0
14520,RHI,WI,Rhinelander/Oneida County,Rhinelander,62.0,58.0,59.0,53.0,32.0,34.0,79.0,64.0,60.0,62.0,62.0,61.0,686.0
14524,RIC,VA,Richmond International,Richmond,2380.0,2257.0,2114.0,521.0,436.0,625.0,974.0,1056.0,918.0,997.0,1059.0,1081.0,14418.0
14534,RIW,WY,Central Wyoming Regional,Riverton/Lander,78.0,69.0,75.0,16.0,23.0,21.0,32.0,31.0,31.0,30.0,36.0,44.0,486.0
14539,RKD,ME,Knox County Regional,Rockland,79.0,78.0,93.0,85.0,102.0,123.0,182.0,184.0,135.0,105.0,89.0,86.0,1341.0
14543,RKS,WY,Southwest Wyoming Regional,Rock Springs,59.0,51.0,58.0,20.0,45.0,42.0,61.0,49.0,29.0,30.0,35.0,46.0,525.0
14559,RMP,AK,Rampart Airport,Rampart,18.0,14.0,19.0,18.0,21.0,23.0,23.0,22.0,20.0,19.0,25.0,19.0,241.0
14570,RNO,NV,Reno/Tahoe International,Reno,1934.0,1811.0,1646.0,489.0,590.0,655.0,956.0,1227.0,1061.0,1110.0,1129.0,1216.0,13824.0
14572,RNT,WA,Renton Municipal,Renton,,,,,,20.0,92.0,114.0,56.0,7.0,,,289.0
14574,ROA,VA,Roanoke Blacksburg Regional,Roanoke,600.0,569.0,547.0,212.0,233.0,238.0,356.0,374.0,359.0,364.0,391.0,373.0,4616.0
14576,ROC,NY,Frederick Douglass Grtr Rochester International,Rochester,1500.0,1425.0,1306.0,458.0,327.0,378.0,676.0,775.0,593.0,604.0,628.0,593.0,9263.0
14582,ROP,TT,Benjamin Taisacan Manglona International,Rota,157.0,125.0,89.0,1.0,3.0,15.0,41.0,41.0,48.0,54.0,55.0,60.0,689.0
14588,ROW,NM,Roswell Air Center,Roswell,125.0,108.0,111.0,37.0,34.0,33.0,50.0,60.0,43.0,65.0,58.0,61.0,785.0
14627,RSH,AK,Russian Mission Airport,Russian Mission,107.0,97.0,15.0,28.0,57.0,41.0,66.0,30.0,80.0,51.0,57.0,57.0,686.0
14628,RSJ,WA,Rosario Seaplane Base,Rosario,,,,,,6.0,39.0,55.0,13.0,,,,113.0
14633,RST,MN,Rochester International,Rochester,332.0,322.0,318.0,115.0,79.0,68.0,102.0,143.0,133.0,224.0,223.0,236.0,2295.0
14635,RSW,FL,Southwest Florida International,Fort Myers,4092.0,4214.0,4425.0,1219.0,911.0,1325.0,1829.0,1630.0,1256.0,2000.0,2771.0,3301.0,28973.0
14648,RUT,VT,Rutland - Southern Vermont Regional,Rutland,85.0,73.0,91.0,81.0,95.0,90.0,91.0,92.0,90.0,91.0,89.0,82.0,1050.0
14674,SAF,NM,Santa Fe Municipal,Santa Fe,223.0,216.0,207.0,63.0,107.0,103.0,114.0,107.0,101.0,112.0,88.0,97.0,1538.0
14679,SAN,CA,San Diego International,San Diego,7935.0,7458.0,7038.0,2356.0,1957.0,2765.0,4159.0,4494.0,3415.0,3625.0,3988.0,3982.0,53172.0
14683,SAT,TX,San Antonio International,San Antonio,3310.0,3027.0,2897.0,1097.0,986.0,1182.0,1495.0,1928.0,1603.0,1639.0,1690.0,1646.0,22500.0
14685,SAV,GA,Savannah/Hilton Head International,Savannah,1368.0,1322.0,1341.0,411.0,440.0,541.0,883.0,1005.0,807.0,858.0,915.0,889.0,10780.0
14689,SBA,CA,Santa Barbara Municipal,Santa Barbara,901.0,853.0,764.0,197.0,216.0,229.0,316.0,340.0,366.0,378.0,361.0,372.0,5293.0
14691,SBD,CA,San Bernardino International,San Bernardino,,,,,,,,,,1.0,,,1.0
14696,SBN,IN,South Bend International,South Bend,592.0,593.0,644.0,217.0,205.0,221.0,347.0,456.0,428.0,469.0,476.0,481.0,5129.0
14698,SBP,CA,San Luis County Regional,San Luis Obispo,560.0,536.0,503.0,212.0,199.0,168.0,261.0,304.0,282.0,301.0,298.0,310.0,3934.0
14704,SBY,MD,Salisbury-Ocean City/Wicomico Regional,Salisbury,152.0,138.0,143.0,113.0,85.0,81.0,102.0,105.0,101.0,106.0,115.0,131.0,1372.0
14709,SCC,AK,Deadhorse Airport,Deadhorse,172.0,154.0,77.0,84.0,86.0,121.0,105.0,118.0,113.0,115.0,122.0,112.0,1379.0
14711,SCE,PA,University Park,State College,395.0,377.0,351.0,146.0,126.0,117.0,209.0,220.0,221.0,218.0,228.0,181.0,2789.0
14712,SCF,AZ,Scottsdale,Phoenix,,1.0,,,,,,,,,,,1.0
14716,SCK,CA,Stockton Metro,Stockton,123.0,107.0,85.0,8.0,21.0,36.0,45.0,37.0,28.0,37.0,38.0,31.0,596.0
14718,SCM,AK,Scammon Bay Airport,Scammon Bay,156.0,87.0,64.0,32.0,74.0,84.0,81.0,86.0,89.0,81.0,66.0,57.0,957.0
14730,SDF,KY,Louisville Muhammad Ali International,Louisville,2181.0,2030.0,1974.0,696.0,655.0,739.0,1174.0,1332.0,1220.0,1188.0,1142.0,1106.0,15437.0
14738,SDP,AK,Sand Point,Sandpoint,19.0,15.0,,,,,,,,,,5.0,39.0
14745,SDY,MT,Sidney Richland Regional,Sidney,149.0,141.0,146.0,147.0,151.0,150.0,154.0,156.0,153.0,153.0,148.0,150.0,1798.0
14747,SEA,WA,Seattle/Tacoma International,Seattle,15094.0,14217.0,13301.0,4911.0,5201.0,7732.0,10202.0,12291.0,11158.0,11752.0,11439.0,11365.0,128663.0
14761,SFB,FL,Orlando Sanford International,Sanford,752.0,889.0,903.0,51.0,393.0,750.0,848.0,671.0,365.0,614.0,621.0,693.0,7550.0
14771,SFO,CA,San Francisco International,San Francisco,13859.0,13134.0,11854.0,2977.0,3185.0,4236.0,6363.0,6650.0,6010.0,6482.0,6335.0,6328.0,87413.0
14783,SGF,MO,Springfield-Branson National,Springfield,859.0,810.0,810.0,288.0,329.0,342.0,575.0,671.0,565.0,581.0,542.0,550.0,6922.0
14794,SGU,UT,St George Regional,St. George,335.0,298.0,331.0,119.0,81.0,105.0,148.0,211.0,228.0,245.0,268.0,284.0,2653.0
14797,SGY,AK,Skagway Airport,Skagway,47.0,63.0,78.0,36.0,48.0,60.0,91.0,87.0,65.0,65.0,32.0,30.0,702.0
14802,SHD,VA,Shenandoah Valley Regional,Staunton,85.0,86.0,90.0,52.0,32.0,30.0,50.0,53.0,51.0,54.0,51.0,52.0,686.0
14804,SHG,AK,Shungnak Airport,Shungnak,93.0,84.0,37.0,29.0,38.0,49.0,45.0,47.0,36.0,41.0,35.0,48.0,582.0
14805,SHH,AK,Shishmaref Airport,Shishmaref,99.0,82.0,34.0,40.0,47.0,74.0,77.0,75.0,69.0,69.0,52.0,86.0,804.0
14812,SHR,WY,Sheridan County,Sheridan,58.0,53.0,55.0,23.0,22.0,21.0,30.0,49.0,30.0,31.0,52.0,53.0,477.0
14814,SHV,LA,Shreveport Regional,Shreveport,543.0,518.0,500.0,221.0,234.0,227.0,359.0,392.0,381.0,392.0,390.0,386.0,4543.0
14816,SHX,AK,Shageluk Airport,Shageluk,31.0,35.0,10.0,5.0,18.0,14.0,24.0,14.0,27.0,23.0,11.0,14.0,226.0
14819,SIG,PR,Isla Grande,San Juan,358.0,364.0,259.0,123.0,122.0,269.0,255.0,158.0,156.0,185.0,257.0,263.0,2769.0
14828,SIT,AK,Sitka Rocky Gutierrez,Sitka,158.0,157.0,169.0,57.0,78.0,185.0,217.0,242.0,173.0,146.0,124.0,111.0,1817.0
14831,SJC,CA,Norman Y. Mineta San Jose International,San Jose,5694.0,5252.0,4781.0,1422.0,1254.0,1943.0,2758.0,2505.0,2030.0,1996.0,2289.0,2209.0,34133.0
14842,SJT,TX,San Angelo Regional/Mathis Field,San Angelo,137.0,132.0,128.0,49.0,86.0,63.0,84.0,89.0,85.0,111.0,117.0,121.0,1202.0
14843,SJU,PR,Luis Munoz Marin International,San Juan,4063.0,3617.0,3228.0,891.0,952.0,1665.0,2501.0,2200.0,1834.0,2232.0,2523.0,2923.0,28629.0
14856,SKK,AK,Shaktoolik Airport,Shaktoolik,137.0,103.0,37.0,40.0,65.0,67.0,87.0,62.0,60.0,65.0,37.0,78.0,838.0
14863,SKW,AK,Skwentna Airport,Skwentna,4.0,2.0,2.0,,2.0,1.0,5.0,2.0,2.0,4.0,6.0,4.0,34.0
14869,SLC,UT,Salt Lake City International,Salt Lake City,10290.0,9557.0,9117.0,4036.0,3473.0,4568.0,7378.0,8424.0,7735.0,8264.0,8437.0,8794.0,90073.0
14875,SLK,NY,Adirondack Regional,Saranac Lake/Lake Placid,86.0,73.0,91.0,85.0,92.0,89.0,91.0,93.0,93.0,93.0,85.0,79.0,1050.0
14877,SLN,KS,Salina Regional,Salina,79.0,75.0,60.0,51.0,32.0,30.0,50.0,53.0,50.0,57.0,53.0,54.0,644.0
14880,SLQ,AK,Sleetmute Airport,Sleetmute,18.0,15.0,4.0,1.0,11.0,11.0,15.0,14.0,16.0,10.0,10.0,5.0,130.0
14893,SMF,CA,Sacramento International,Sacramento,4815.0,4444.0,4120.0,1563.0,1475.0,2056.0,2756.0,2787.0,2435.0,2632.0,2787.0,2752.0,34622.0
14895,SMK,AK,St. Michael Airport,St. Michael,161.0,132.0,43.0,58.0,72.0,102.0,120.0,86.0,71.0,77.0,60.0,83.0,1065.0
14897,SMN,ID,Lemhi County,Salmon,14.0,10.0,6.0,0.0,13.0,6.0,9.0,8.0,5.0,10.0,8.0,8.0,97.0
14905,SMX,CA,Santa Maria Public/Capt. G. Allan Hancock Field,Santa Maria,16.0,14.0,8.0,,8.0,8.0,14.0,15.0,9.0,12.0,15.0,20.0,139.0
14908,SNA,CA,John Wayne Airport-Orange County,Santa Ana,3463.0,3196.0,2844.0,800.0,864.0,1280.0,2006.0,2067.0,1688.0,1766.0,1936.0,1981.0,23891.0
14919,SNP,AK,St. Paul Island,St. Paul,22.0,16.0,5.0,3.0,8.0,13.0,13.0,11.0,7.0,12.0,7.0,18.0,135.0
14942,SOV,AK,Seldovia Airport,Seldovia,186.0,171.0,159.0,68.0,126.0,140.0,145.0,144.0,150.0,185.0,155.0,145.0,1774.0
14943,SOW,AZ,Show Low Regional,Show Low,85.0,70.0,84.0,81.0,86.0,82.0,82.0,80.0,80.0,74.0,75.0,81.0,960.0
14945,SPB,VI,Charlotte Amalie Harbor Seaplane Base,Charlotte Amalie,133.0,176.0,,,70.0,84.0,116.0,87.0,82.0,116.0,115.0,152.0,1131.0
14952,SPI,IL,Abraham Lincoln Capital,Springfield,133.0,129.0,133.0,80.0,92.0,71.0,96.0,127.0,94.0,83.0,68.0,39.0,1145.0
14955,SPN,TT,Francisco C. Ada Saipan International,Saipan,1276.0,868.0,528.0,15.0,81.0,323.0,483.0,556.0,574.0,602.0,530.0,662.0,6498.0
14960,SPS,TX,Sheppard AFB/Wichita Falls Municipal,Wichita Falls,92.0,78.0,76.0,57.0,60.0,33.0,57.0,31.0,53.0,60.0,60.0,83.0,740.0
14967,SQL,CA,San Carlos Airport,San Carlos,117.0,107.0,79.0,35.0,45.0,49.0,65.0,66.0,66.0,76.0,73.0,55.0,833.0
14986,SRQ,FL,Sarasota/Bradenton International,Sarasota/Bradenton,1032.0,1014.0,947.0,289.0,325.0,330.0,487.0,521.0,445.0,643.0,717.0,924.0,7674.0
14987,SRV,AK,Stony River Airport,Stony River,9.0,8.0,,,5.0,9.0,9.0,9.0,4.0,6.0,6.0,4.0,69.0
14992,SSB,VI,Christiansted Harbor Seaplane Base,Christiansted,133.0,176.0,,,70.0,84.0,116.0,87.0,82.0,116.0,115.0,152.0,1131.0
15008,STC,MN,St. Cloud Regional,St. Cloud,13.0,23.0,26.0,8.0,6.0,7.0,8.0,5.0,5.0,9.0,8.0,13.0,131.0
15012,STG,AK,St. George Island Airport,St. George Island,15.0,10.0,9.0,13.0,12.0,12.0,11.0,11.0,8.0,12.0,8.0,10.0,131.0
15016,STL,MO,St Louis Lambert International,St. Louis,6688.0,6209.0,5984.0,2701.0,2412.0,3312.0,4885.0,5432.0,3836.0,3821.0,3898.0,3760.0,52938.0
15023,STS,CA,Charles M. Schulz - Sonoma County,Santa Rosa,334.0,324.0,350.0,130.0,102.0,133.0,228.0,226.0,251.0,263.0,247.0,227.0,2815.0
15024,STT,VI,Cyril E King,Charlotte Amalie,1314.0,1254.0,928.0,253.0,400.0,715.0,869.0,823.0,600.0,879.0,973.0,1032.0,10040.0
15027,STX,VI,Henry E. Rohlsen,Christiansted,979.0,893.0,611.0,210.0,349.0,576.0,608.0,545.0,469.0,613.0,672.0,682.0,7207.0
15041,SUN,ID,Friedman Memorial,Sun Valley/Hailey/Ketchum,175.0,196.0,169.0,30.0,19.0,47.0,115.0,145.0,85.0,70.0,71.0,198.0,1320.0
15048,SUX,IA,Sioux Gateway Brig Gen Bud Day Field,Sioux City,108.0,89.0,77.0,39.0,26.0,22.0,89.0,72.0,34.0,52.0,55.0,55.0,718.0
15049,SVA,AK,Savoonga Airport,Savoonga,102.0,101.0,57.0,37.0,55.0,62.0,76.0,86.0,79.0,69.0,43.0,67.0,834.0
15051,SVC,NM,Grant County,Silver City/Hurley,108.0,100.0,102.0,90.0,93.0,89.0,93.0,93.0,89.0,96.0,94.0,97.0,1144.0
15061,SVS,AK,Stevens Village Airport,Stevens Village,17.0,18.0,24.0,16.0,19.0,23.0,19.0,15.0,17.0,15.0,20.0,20.0,223.0
15070,SWF,NY,New York Stewart International,Newburgh/Poughkeepsie,202.0,186.0,190.0,57.0,28.0,32.0,41.0,61.0,62.0,35.0,30.0,26.0,950.0
15074,SWO,OK,Stillwater Regional,Stillwater,59.0,56.0,55.0,35.0,32.0,30.0,53.0,31.0,50.0,61.0,36.0,42.0,540.0
15085,SXP,AK,Nunam Iqua,Sheldon Point,93.0,60.0,31.0,36.0,51.0,53.0,51.0,52.0,50.0,61.0,48.0,47.0,633.0
15091,SYB,AK,Seal Bay Airport,Seal Bay,5.0,4.0,4.0,5.0,6.0,9.0,9.0,9.0,5.0,5.0,4.0,5.0,70.0
15096,SYR,NY,Syracuse Hancock International,Syracuse,1398.0,1348.0,1232.0,292.0,313.0,385.0,557.0,579.0,510.0,615.0,614.0,608.0,8451.0
15124,TAL,AK,Ralph M Calhoun Memorial,Tanana,69.0,66.0,51.0,19.0,29.0,32.0,28.0,34.0,32.0,34.0,33.0,34.0,461.0
15138,TBN,MO,Waynesville-St. Robert Regional Forney Field,Fort Leonard Wood,54.0,44.0,53.0,52.0,52.0,52.0,51.0,52.0,52.0,43.0,48.0,41.0,594.0
15160,TCT,AK,Takotna Airport,Takotna,14.0,10.0,13.0,10.0,15.0,16.0,9.0,11.0,14.0,17.0,5.0,9.0,143.0
15171,TEK,AK,Tatitlek Airport,Tatitlek,10.0,10.0,21.0,4.0,10.0,9.0,9.0,6.0,9.0,10.0,8.0,8.0,114.0
15177,TEX,CO,Telluride Regional,Telluride,37.0,49.0,34.0,,,16.0,31.0,31.0,30.0,,10.0,44.0,282.0
15215,TIQ,TT,Tinian International,Tinian,1100.0,705.0,397.0,13.0,69.0,280.0,427.0,498.0,518.0,527.0,467.0,584.0,5585.0
15231,TKE,AK,Tenakee Airport,Tenakee,25.0,32.0,26.0,16.0,29.0,35.0,52.0,55.0,26.0,30.0,28.0,17.0,371.0
15232,TKF,CA,Truckee Tahoe,Truckee,23.0,20.0,12.0,6.0,10.0,16.0,23.0,22.0,20.0,20.0,17.0,16.0,205.0
15236,TKJ,AK,Tok Junction,Tok,19.0,22.0,23.0,19.0,29.0,28.0,26.0,24.0,26.0,26.0,22.0,23.0,287.0
15245,TLA,AK,Teller Airport,Teller,60.0,49.0,37.0,23.0,48.0,41.0,36.0,41.0,48.0,45.0,41.0,50.0,519.0
15249,TLH,FL,Tallahassee International,Tallahassee,662.0,618.0,585.0,171.0,177.0,233.0,290.0,371.0,298.0,303.0,349.0,380.0,4437.0
15250,TLJ,AK,Tatalina LRRS,Tatalina,2.0,5.0,4.0,3.0,8.0,9.0,8.0,6.0,9.0,4.0,4.0,6.0,68.0
15257,TLT,AK,Tuluksak Airport,Tuluksak,93.0,71.0,28.0,44.0,65.0,53.0,45.0,57.0,63.0,58.0,42.0,47.0,666.0
15278,TNC,AK,Tin City LRRS,Tin City,8.0,5.0,5.0,1.0,4.0,2.0,2.0,2.0,,,2.0,2.0,33.0
15282,TNK,AK,Tununak Airport,Tununak,122.0,59.0,46.0,51.0,68.0,81.0,126.0,102.0,66.0,77.0,70.0,42.0,910.0
15293,TOG,AK,Togiak Airport,Togiak,37.0,34.0,37.0,25.0,37.0,31.0,31.0,29.0,33.0,37.0,17.0,21.0,369.0
15295,TOL,OH,Eugene F Kranz Toledo Express,Toledo,179.0,171.0,180.0,79.0,72.0,77.0,124.0,43.0,76.0,111.0,106.0,117.0,1335.0
15304,TPA,FL,Tampa International,Tampa,7109.0,6872.0,6977.0,2157.0,1685.0,2591.0,4109.0,3757.0,2855.0,3525.0,4516.0,4910.0,51063.0
15323,TRI,TN,Tri Cities,Bristol/Johnson City/Kingsport,383.0,367.0,316.0,173.0,185.0,141.0,226.0,309.0,249.0,249.0,252.0,249.0,3099.0
15356,TTN,NJ,Trenton Mercer,Trenton,275.0,255.0,224.0,12.0,28.0,39.0,68.0,38.0,51.0,60.0,48.0,83.0,1181.0
15370,TUL,OK,Tulsa International,Tulsa,1429.0,1339.0,1297.0,463.0,461.0,549.0,857.0,1103.0,921.0,885.0,950.0,905.0,11159.0
15374,TUP,MS,Tupelo Regional,Tupelo,75.0,75.0,80.0,76.0,80.0,77.0,80.0,80.0,76.0,63.0,60.0,57.0,879.0
15376,TUS,AZ,Tucson International,Tucson,1774.0,1726.0,1662.0,598.0,527.0,686.0,893.0,828.0,723.0,945.0,1029.0,1071.0,12462.0
15380,TVC,MI,Cherry Capital,Traverse City,351.0,336.0,348.0,117.0,154.0,165.0,423.0,588.0,410.0,307.0,281.0,267.0,3747.0
15381,TVF,MN,Thief River Falls Regional,Thief River Falls,79.0,76.0,78.0,70.0,77.0,52.0,54.0,52.0,52.0,53.0,51.0,53.0,747.0
15385,TWA,AK,Twin Hills Airport,Twin Hills,23.0,25.0,26.0,19.0,23.0,22.0,21.0,21.0,25.0,22.0,13.0,19.0,259.0
15389,TWF,ID,Joslin Field - Magic Valley Regional,Twin Falls,143.0,101.0,96.0,29.0,22.0,22.0,57.0,91.0,96.0,88.0,105.0,103.0,953.0
15401,TXK,AR,Texarkana Regional-Webb Field,Texarkana,85.0,82.0,71.0,43.0,57.0,33.0,57.0,61.0,62.0,63.0,61.0,84.0,759.0
15411,TYR,TX,Tyler Pounds Regional,Tyler,144.0,136.0,96.0,54.0,62.0,60.0,62.0,64.0,58.0,78.0,88.0,102.0,1004.0
15412,TYS,TN,McGhee Tyson,Knoxville,1625.0,1567.0,1535.0,494.0,519.0,602.0,939.0,1230.0,920.0,1009.0,934.0,939.0,12313.0
15448,UGS,AK,Ugashik Airport,Ugashik,13.0,14.0,16.0,19.0,24.0,24.0,20.0,23.0,21.0,18.0,13.0,19.0,224.0
15446,UGI,AK,Uganik Airport,Uganik,4.0,4.0,5.0,4.0,6.0,9.0,9.0,9.0,6.0,5.0,4.0,5.0,70.0
15454,UIN,IL,Quincy Regional-Baldwin Field,Quincy,120.0,148.0,160.0,162.0,164.0,158.0,171.0,161.0,165.0,173.0,155.0,171.0,1908.0
15478,UNK,AK,Unalakleet Airport,Unalakleet,363.0,306.0,83.0,117.0,161.0,203.0,260.0,180.0,144.0,179.0,129.0,211.0,2336.0
15504,UTO,AK,Indian Mountain LRRS,Utopia,,,,,,,,,,1.0,,,1.0
15554,VAK,AK,Chevak Airport,Chevak,192.0,132.0,83.0,79.0,109.0,114.0,126.0,123.0,113.0,119.0,84.0,74.0,1348.0
15569,VCT,TX,Victoria Regional,Victoria,89.0,102.0,107.0,95.0,101.0,102.0,104.0,90.0,92.0,84.0,61.0,52.0,1079.0
15579,VDZ,AK,Valdez Pioneer Field,Valdez,32.0,30.0,,,,,,,,,1.0,21.0,84.0
15581,VEE,AK,Venetie Airport,Venetie,62.0,56.0,55.0,25.0,36.0,45.0,44.0,36.0,44.0,54.0,38.0,45.0,540.0
15582,VEL,UT,Vernal Regional,Vernal,46.0,46.0,44.0,52.0,29.0,30.0,50.0,53.0,50.0,50.0,52.0,49.0,551.0
15599,VIK,AK,Kavik River Airport,Kavik River,,,,,,,,4.0,,2.0,,,6.0
15607,VLD,GA,Valdosta Regional,Valdosta,90.0,78.0,88.0,48.0,27.0,30.0,60.0,62.0,60.0,93.0,95.0,91.0,822.0
15624,VPS,FL,Eglin AFB Destin Fort Walton Beach,Valparaiso,531.0,488.0,547.0,217.0,360.0,573.0,849.0,855.0,675.0,730.0,655.0,609.0,7089.0
15626,VQS,PR,Antonio Rivera Rodriguez,Vieques,819.0,797.0,608.0,230.0,269.0,485.0,540.0,316.0,286.0,334.0,390.0,414.0,5488.0
15628,VRB,FL,Vero Beach Regional,Vero Beach,11.0,12.0,7.0,0.0,6.0,,14.0,8.0,8.0,10.0,12.0,15.0,103.0
15709,WAA,AK,Wales Airport,Wales,37.0,36.0,19.0,16.0,26.0,36.0,27.0,42.0,41.0,40.0,22.0,40.0,382.0
15721,WBB,AK,Stebbins Airport,Stebbins,146.0,129.0,41.0,49.0,68.0,88.0,100.0,99.0,80.0,74.0,61.0,93.0,1028.0
15725,WBQ,AK,Beaver Airport,Beaver,20.0,22.0,26.0,19.0,20.0,24.0,23.0,22.0,22.0,19.0,19.0,23.0,259.0
15731,WCR,AK,Chandalar Lake,Chandalar,,,,,,,1.0,1.0,,,,,2.0
15741,WFB,AK,Ketchikan Waterfront Seaplane Base,Ketchikan,87.0,126.0,126.0,168.0,219.0,204.0,220.0,204.0,202.0,223.0,146.0,148.0,2073.0
15754,WHD,AK,Hyder Seaplane Base,Hyder,1.0,5.0,4.0,8.0,9.0,7.0,8.0,6.0,8.0,7.0,2.0,5.0,70.0
15785,WLK,AK,Selawik Airport,Selawik,118.0,101.0,57.0,52.0,59.0,57.0,67.0,70.0,68.0,65.0,63.0,69.0,846.0
15793,WMK,AK,Meyers Chuck Seaplane Base,Meyers Chuck,4.0,3.0,,2.0,2.0,2.0,3.0,2.0,2.0,2.0,2.0,3.0,27.0
15794,WMO,AK,White Mountain Airport,White Mountain,78.0,91.0,39.0,23.0,45.0,49.0,43.0,50.0,44.0,49.0,38.0,52.0,601.0
15798,WNA,AK,Napakiak Airport,Napakiak,49.0,47.0,48.0,44.0,45.0,29.0,36.0,46.0,54.0,60.0,38.0,36.0,532.0
15841,WRG,AK,Wrangell Airport,Wrangell,59.0,58.0,62.0,57.0,61.0,60.0,62.0,62.0,59.0,60.0,56.0,55.0,711.0
15853,WSN,AK,South Naknek 2,South Naknek,22.0,21.0,23.0,20.0,25.0,25.0,24.0,27.0,21.0,19.0,20.0,21.0,268.0
15855,WST,RI,Westerly State,Westerly,224.0,171.0,138.0,26.0,91.0,335.0,545.0,584.0,435.0,284.0,219.0,184.0,3236.0
15856,WSX,WA,Westsound Airport,Westsound,,,,,,2.0,10.0,19.0,,,,,31.0
15861,WTK,AK,Noatak Airport,Noatak,109.0,91.0,47.0,27.0,44.0,43.0,53.0,61.0,50.0,50.0,46.0,60.0,681.0
15862,WTL,AK,Tuntutuliak Airport,Tuntutuliak,247.0,167.0,119.0,61.0,111.0,120.0,142.0,127.0,98.0,96.0,104.0,91.0,1483.0
15885,WWP,AK,Whale Pass Airport,Whale Pass,5.0,9.0,9.0,7.0,8.0,15.0,9.0,9.0,8.0,8.0,6.0,8.0,101.0
15887,WWT,AK,Newtok Airport,Newtok,112.0,30.0,81.0,37.0,53.0,72.0,83.0,80.0,71.0,59.0,48.0,30.0,756.0
15897,WYS,MT,Yellowstone,West Yellowstone,,,,,23.0,31.0,60.0,57.0,46.0,13.0,,,230.0
15919,XNA,AR,Northwest Arkansas National,Fayetteville,1324.0,1276.0,1251.0,376.0,307.0,350.0,606.0,542.0,573.0,628.0,590.0,563.0,8386.0
15991,YAK,AK,Yakutat Airport,Yakutat,52.0,50.0,59.0,56.0,61.0,59.0,62.0,62.0,60.0,62.0,55.0,53.0,691.0
16101,YKM,WA,Yakima Air Terminal/McAllister Field,Yakima,113.0,114.0,98.0,29.0,24.0,29.0,30.0,47.0,56.0,65.0,59.0,62.0,726.0
16311,ZNC,AK,Nyac Airport,Nyac,,,,,,,,1.0,,,,,1.0
16340,ZXH,AK,Chomondely Sound Airport,Chomondely Sound,,,,,1.0,,,,1.0,,2.0,,4.0
16567,7AK,AK,Akun Airport,Akun,151.0,106.0,89.0,96.0,110.0,91.0,94.0,98.0,85.0,116.0,61.0,113.0,1210.0
16603,DHB,WA,Deer Harbor Marina,Deer Harbor,13.0,23.0,8.0,,3.0,10.0,38.0,59.0,29.0,11.0,,,194.0
16654,WA3,WA,Shaw Islands Water Aerodrome,Shaw Island,,,,,,,1.0,,,,,,1.0
16662,AA2,AK,Icicle Seafoods,Naknek-1,,,,1.0,,,,,,,,,1.0
16869,XWA,ND,Williston Basin International,Williston,145.0,139.0,139.0,58.0,54.0,45.0,35.0,31.0,30.0,64.0,57.0,57.0,854.0
