ORIGIN_AIRPORT_ID,CODE,ORIGIN_STATE_ABR,NAME,LOCATION
10005,05A,AK,Little Squaw Airport,Little Squaw
10006,06A,AK,Kizhuyak Bay,Kizhuyak
10011,GCW,AZ,Grand Canyon West,Peach Springs
10039,A26,AK,Ivotuk Airstrip,Ivotuk
10042,A29,AK,Kiluda Bay Airport,Kiluda Bay
10056,A43,AK,Trident Basin Seaplane Base,Kodiak Island
10063,A50,AK,Big Bay Airport,Big Bay
10135,ABE,PA,Lehigh Valley International,Allentown/Bethlehem/Easton
10136,ABI,TX,Abilene Regional,Abilene
10139,ABL,AK,Ambler River,Ambler
10140,ABQ,NM,Albuquerque International Sunport,Albuquerque
10141,ABR,SD,Aberdeen Regional,Aberdeen
10146,ABY,GA,Southwest Georgia Regional,Albany
10154,ACK,MA,Nantucket Memorial,Nantucket
10155,ACT,TX,Waco Regional,Waco
10157,ACV,CA,California Redwood Coast Humboldt County,Arcata/Eureka
10158,ACY,NJ,Atlantic City International,Atlantic City
10165,ADK,AK,Adak,Adak Island
10170,ADQ,AK,Kodiak Airport,Kodiak
10172,ADW,MD,Joint Base Andrews,Camp Springs
10184,AET,AK,Allakaket Airport,Allakaket
10185,AEX,LA,Alexandria International,Alexandria
10194,AFW,TX,Perot Field Fort Worth Alliance,Dallas/Fort Worth
10204,AGN,AK,Angoon Seaplane Base,Angoon
10208,AGS,GA,Augusta Regional at Bush Field,Augusta
10216,AHN,GA,Athens/Ben Epps,Athens
10221,AIA,NE,Alliance Municipal,Alliance
10225,AIN,AK,Wainwright Airport,Wainwright
10237,AKB,AK,Atka Airport,Atka
10241,AKI,AK,Akiak Airport,Akiak
10243,AKK,AK,Akhiok Airport,Akhiok
10245,AKN,AK,King Salmon Airport,King Salmon
10247,AKP,AK,Anaktuvuk Pass Airport,Anaktuvuk Pass
10257,ALB,NY,Albany International,Albany
10268,ALO,IA,Waterloo Regional,Waterloo
10272,ALS,CO,San Luis Valley Regional/Bergman Field,Alamosa
10275,ALW,WA,Walla Walla Regional,Walla Walla
10278,ALZ,AK,Alitak Seaplane Base,Lazy Bay
10279,AMA,TX,Rick Husband Amarillo International,Amarillo
10298,ANB,AL,Anniston Regional,Anniston
10299,ANC,AK,Ted Stevens Anchorage International,Anchorage
10304,ANI,AK,Aniak Airport,Aniak
10313,ANV,AK,Anvik Airport,Anvik
10322,AOO,PA,Altoona-Blair County,Altoona
10324,AOS,AK,Amook Bay Airport,Amook Bay
10325,APA,CO,Centennial,Denver
10327,APC,CA,Napa County,Napa
10333,APN,MI,Alpena County Regional,Alpena
10349,ARC,AK,Arctic Village Airport,Arctic Village
10361,ART,NY,Watertown International,Watertown
10372,ASE,CO,Aspen Pitkin County Sardy Field,Aspen
10380,ASN,AL,Talladega Municipal,Talladega
10396,ATK,AK,Atqasuk Edward Burnell Sr. Memorial,Atqasuk
10397,ATL,GA,Hartsfield-Jackson Atlanta International,Atlanta
10405,ATT,AK,Atmautluak Airport,Atmautluak
10408,ATW,WI,Appleton International,Appleton
10409,ATY,SD,Watertown Regional,Watertown
10414,AUG,ME,Augusta State,Augusta/Waterville
10416,AUK,AK,Alakanuk Airport,Alakanuk
10423,AUS,TX,Austin - Bergstrom International,Austin
10431,AVL,NC,Asheville Regional,Asheville
10434,AVP,PA,Wilkes Barre Scranton International,Scranton/Wilkes-Barre
10466,AZA,AZ,Phoenix - Mesa Gateway,Phoenix
10469,AZO,MI,Kalamazoo/Battle Creek International,Kalamazoo
10529,BDL,CT,Bradley International,Hartford
10535,BDR,CT,Bridgeport Sikorsky,Bridgeport
10540,BED,MA,Laurence G Hanscom Field,Bedford
10551,BET,AK,Bethel Airport,Bethel
10556,BFB,AK,Blue Fox Bay Airport,Blue Fox Bay
10557,BFD,PA,Bradford Regional,Bradford
10558,BFF,NE,Western Neb. Regional/William B. Heilig Field,Scottsbluff
10559,BFI,WA,Boeing Field/King County International,Seattle
10561,BFL,CA,Meadows Field,Bakersfield
10562,BFM,AL,Mobile International,Mobile
10577,BGM,NY,Greater Binghamton/Edwin A. Link Field,Binghamton
10581,BGR,ME,Bangor International,Bangor
10589,BHB,ME,Hancock County-Bar Harbor,Bar Harbor
10590,IFP,AZ,Laughlin/Bullhead International,Bullhead City
10599,BHM,AL,Birmingham-Shuttlesworth International,Birmingham
10613,BID,RI,Block Island State,Block Island
10617,BIH,CA,Bishop Airport,Bishop
10620,BIL,MT,Billings Logan International,Billings
10627,BIS,ND,Bismarck Municipal,Bismarck/Mandan
10631,BJI,MN,Bemidji Regional,Bemidji
10640,BKC,AK,Buckland Airport,Buckland
10643,BKG,MO,Branson Airport,Branson
10654,BKW,WV,Raleigh County Memorial,Beckley
10661,BLD,NV,Boulder City Municipal,Boulder City
10666,BLI,WA,Bellingham International,Bellingham
10676,BLV,IL,Scott AFB MidAmerica St Louis,Belleville
10683,BMG,IN,Monroe County,Bloomington
10685,BMI,IL,Central Il Regional Airport at Bloomington,Bloomington/Normal
10693,BNA,TN,Nashville International,Nashville
10697,BNF,AK,Warm Spring Bay Seaplane Base,Baranof
10713,BOI,ID,Boise Air Terminal,Boise
10721,BOS,MA,Logan International,Boston
10728,BPT,TX,Jack Brooks Regional,Beaumont/Port Arthur
10731,BQK,GA,Brunswick Golden Isles,Brunswick
10732,BQN,PR,Rafael Hernandez,Aguadilla
10739,BRD,MN,Brainerd Lakes Regional,Brainerd
10744,BRL,IA,Southeast Iowa Regional,Burlington
10747,BRO,TX,Brownsville South Padre Island International,Brownsville
10754,BRW,AK,Wiley Post/Will Rogers Memorial,Barrow
10775,BTI,AK,Barter Island Airport,Barter Island
10778,BTL,MI,Battle Creek Executive at Kellogg Field,Battle Creek
10779,BTM,MT,Bert Mooney,Butte
10781,BTR,LA,Baton Rouge Metropolitan/Ryan Field,Baton Rouge
10783,BTT,AK,Bettles Airport,Bettles
10785,BTV,VT,Burlington International,Burlington
10792,BUF,NY,Buffalo Niagara International,Buffalo
10800,BUR,CA,Bob Hope,Burbank
10821,BWI,MD,Baltimore/Washington International Thurgood Marshall,Baltimore
10849,BZN,MT,Bozeman Yellowstone International,Bozeman
10857,C01,CA,Camarillo Airport,Camarillo
10868,CAE,SC,Columbia Metropolitan,Columbia
10874,CAK,OH,Akron-Canton Regional,Akron
10917,CDB,AK,Cold Bay Airport,Cold Bay
10918,CDC,UT,Cedar City Regional,Cedar City
10925,CDR,NE,Chadron Municipal,Chadron
10926,CDV,AK,Merle K Mudhole Smith,Cordova
10930,CEC,CA,Jack McNamara Field,Crescent City
10938,CEM,AK,Central Airport,Central
10950,CEZ,CO,Cortez Municipal,Cortez
10961,CGA,AK,Craig Seaplane Base,Craig
10967,CGI,MO,Cape Girardeau Regional,Cape Girardeau
10980,CHA,TN,Lovell Field,Chattanooga
10990,CHO,VA,Charlottesville Albemarle,Charlottesville
10994,CHS,SC,Charleston AFB/International,Charleston
10996,CHU,AK,Chuathbaluk Airport,Chuathbaluk
11003,CID,IA,The Eastern Iowa,Cedar Rapids/Iowa City
11007,CIK,AK,Chalkyitsik Airport,Chalkyitsik
11013,CIU,MI,Chippewa County International,Sault Ste. Marie
11027,CKB,WV,North Central West Virginia,Clarksburg/Fairmont
11028,CKD,AK,Crooked Creek Airport,Crooked Creek
11036,CKX,AK,Chicken Airport,Chicken
11041,CLD,CA,McClellan-Palomar,Carlsbad
11042,CLE,OH,Cleveland-Hopkins International,Cleveland
11049,CLL,TX,Easterwood Field,College Station/Bryan
11053,CLP,AK,Clarks Point Airport,Clarks Point
11057,CLT,NC,Charlotte Douglas International,Charlotte
11066,CMH,OH,John Glenn Columbus International,Columbus
11067,CMI,IL,University of Illinois/Willard,Champaign/Urbana
11076,CMX,MI,Houghton County Memorial,Hancock/Houghton
11085,CNM,NM,Cavern City Air Terminal,Carlsbad
11092,CNY,UT,Canyonlands Regional,Moab
11097,COD,WY,Yellowstone Regional,Cody
11109,COS,CO,City of Colorado Springs Municipal,Colorado Springs
11111,COU,MO,Columbia Regional,Columbia
11122,CPR,WY,Casper/Natrona County International,Casper
11123,CPS,MO,Bi-State Parks,St. Louis
11126,CPX,PR,Benjamin Rivera Noriega,Culebra
11140,CRP,TX,Corpus Christi International,Corpus Christi
11146,CRW,WV,West Virginia International Yeager,Charleston/Dunbar
11150,CSG,GA,Columbus Airport,Columbus
11193,CVG,KY,Cincinnati/Northern Kentucky International,Cincinnati
11197,CVN,NM,Clovis Regional,Clovis
11203,CWA,WI,Central Wisconsin,Mosinee
11214,CXF,AK,Coldfoot Airport,Coldfoot
11227,CYF,AK,Chefornak Airport,Chefornak
11233,CYS,WY,Cheyenne Regional/Jerry Olson Field,Cheyenne
11241,CZF,AK,Cape Romanzof LRRS,Cape Romanzof
11245,CZN,AK,Chisana Airport,Chisana
11252,DAB,FL,Daytona Beach International,Daytona Beach
11259,DAL,TX,Dallas Love Field,Dallas
11267,DAY,OH,James M Cox/Dayton International,Dayton
11274,DBQ,IA,Dubuque Regional,Dubuque
11278,DCA,VA,Ronald Reagan Washington National,Washington
11280,DCK,AK,Dahl Creek Airport,Dahl Creek
11283,DDC,KS,Dodge City Regional,Dodge City
11288,DEC,IL,Decatur Airport,Decatur
11292,DEN,CO,Denver International,Denver
11298,DFW,TX,Dallas/Fort Worth International,Dallas/Fort Worth
11299,DGB,AK,Danger Bay Airport,Danger Bay
11308,DHN,AL,Dothan Regional,Dothan
11315,DIK,ND,Dickinson - Theodore Roosevelt Regional,Dickinson
11336,DLG,AK,Dillingham Airport,Dillingham
11337,DLH,MN,Duluth International,Duluth
11348,DMN,NM,Deming Municipal,Deming
11367,DOF,AK,Dora Bay Airport,Dora Bay
11392,DQL,AK,Lake Hood,Anchorage
11401,DQU,AK,Neets Bay,Ketchikan
11411,DRG,AK,Deering Airport,Deering
11413,DRO,CO,Durango La Plata County,Durango
11415,DRT,TX,Del Rio International,Del Rio
11421,DSI,FL,Destin Executive,Destin
11423,DSM,IA,Des Moines International,Des Moines
11431,DTR,WA,Decatur,Decatur Island
11433,DTW,MI,Detroit Metro Wayne County,Detroit
11441,DUJ,PA,DuBois Regional,DuBois
11445,DUT,AK,Unalaska Airport,Unalaska
11447,DVL,ND,Devils Lake Regional,Devils Lake
11450,DVT,AZ,Phoenix - Deer Valley,Phoenix
11463,EAA,AK,Eagle Airport,Eagle
11468,EAR,NE,Kearney Regional,Kearney
11470,EAT,WA,Pangborn Memorial,Wenatchee
11471,EAU,WI,Chippewa Valley Regional,Eau Claire
11481,ECP,FL,Northwest Florida Beaches International,Panama City
11484,EDA,AK,Edna Bay Airport,Edna Bay
11492,EEK,AK,Eek Airport,Eek
11503,EGE,CO,Eagle County Regional,Eagle
11511,EGX,AK,Egegik Airport,Egegik
11512,EHM,AK,Cape Newenham LRRS,Cape Newenham
11525,EKO,NV,Elko Regional,Elko
11531,ELD,AR,South Arkansas Regional at Goodwin Field,El Dorado
11535,ELI,AK,Elim Airport,Elim
11537,ELM,NY,Elmira/Corning Regional,Elmira/Corning
11540,ELP,TX,El Paso International,El Paso
11545,ELV,AK,Elfin Cove Seaplane Base,Elfin Cove
11550,EMK,AK,Emmonak Airport,Emmonak
11555,ENA,AK,Kenai Municipal,Kenai
11559,ENN,AK,Nenana Municipal,Nenana
11563,ENV,UT,Wendover Airport,Wendover
11577,ERI,PA,Erie International/Tom Ridge Field,Erie
11587,ESC,MI,Delta County,Escanaba
11588,ESD,WA,Orcas Island,Eastsound
11603,EUG,OR,Mahlon Sweet Field,Eugene
11612,EVV,IN,Evansville Regional,Evansville
11615,EWB,MA,New Bedford Regional,New Bedford/Fall River
11617,EWN,NC,Coastal Carolina Regional,New Bern/Morehead/Beaufort
11618,EWR,NJ,Newark Liberty International,Newark
11619,EXI,AK,Excursion Inlet Seaplane Base,Excursion Inlet
11624,EYW,FL,Key West International,Key West
11630,FAI,AK,Fairbanks International,Fairbanks
11637,FAR,ND,Hector International,Fargo
11638,FAT,CA,Fresno Yosemite International,Fresno
11641,FAY,NC,Fayetteville Regional/Grannis Field,Fayetteville
11643,FBK,AK,Ladd AAF,Fairbanks
11646,FBS,WA,Friday Harbor Seaplane Base,Friday Harbor
11648,FCA,MT,Glacier Park International,Kalispell
11650,FCM,MN,Flying Cloud,Minneapolis
11684,FKL,PA,Venango Regional,Franklin/Oil City
11695,FLG,AZ,Flagstaff Pulliam,Flagstaff
11697,FLL,FL,Fort Lauderdale-Hollywood International,Fort Lauderdale
11699,FLO,SC,Florence Regional,Florence
11702,FLT,AK,Flat Airport,Flat
11711,FMN,NM,Four Corners Regional,Farmington
11719,FNL,CO,Northern Colorado Regional,Fort Collins/Loveland
11721,FNT,MI,Bishop International,Flint
11725,FOD,IA,Fort Dodge Regional,Fort Dodge
11726,FOE,KS,Topeka Regional,Topeka
11762,FRD,WA,Friday Harbor Airport,Friday Harbor
11775,FSD,SD,Joe Foss Field,Sioux Falls
11778,FSM,AR,Fort Smith Regional,Fort Smith
11789,FTW,TX,Fort Worth Meacham International,Dallas/Fort Worth
11813,FVQ,AK,Donlin Creek Mine Airport,Donlin Creek Mine
11823,FWA,IN,Fort Wayne International,Fort Wayne
11827,FXE,FL,Fort Lauderdale Executive,Fort Lauderdale
11833,FYU,AK,Fort Yukon Airport,Fort Yukon
11844,GAL,AK,Edward G. Pitka Sr.,Galena
11845,GAM,AK,Gambell Airport,Gambell
11859,GBH,AK,Galbraith Lake Airport,Galbraith Lake
11865,GCC,WY,Northeast Wyoming Regional,Gillette
11867,GCK,KS,Garden City Regional,Garden City
11869,GCN,AZ,Grand Canyon National Park,Grand Canyon
11879,GDV,MT,Dawson Community,Glendive
11884,GEG,WA,Spokane International,Spokane
11898,GFK,ND,Grand Forks International,Grand Forks
11905,GGG,TX,East Texas Regional,Longview
11908,GGW,MT,Wokal Field Glasgow Valley County,Glasgow
11921,GJT,CO,Grand Junction Regional,Grand Junction
11924,GKN,AK,Gulkana Airport,Gulkana
11931,GLH,MS,Greenville Mid Delta,Greenville
11941,GLV,AK,Golovin Airport,Golovin
11952,GNU,AK,Goodnews,Goodnews Bay
11953,GNV,FL,Gainesville Regional,Gainesville
11973,GPT,MS,Gulfport-Biloxi International,Gulfport/Biloxi
11977,GRB,WI,Green Bay Austin Straubel International,Green Bay
11980,GRI,NE,Central Nebraska Regional,Grand Island
11982,GRK,TX,Robert Gray AAF,Killeen
11986,GRR,MI,Gerald R. Ford International,Grand Rapids
11995,GSO,NC,Piedmont Triad International,Greensboro/High Point
11996,GSP,SC,Greenville-Spartanburg International,Greer
11997,GST,AK,Gustavus Airport,Gustavus
12003,GTF,MT,Great Falls International,Great Falls
12007,GTR,MS,Golden Triangle Regional,Columbus
12012,GUC,CO,Gunnison-Crested Butte Regional,Gunnison
12016,GUM,TT,Guam International,Guam
12018,GUP,NM,Gallup Municipal,Gallup
12021,GUS,IN,Grissom ARB,Peru
12039,GWO,MS,Greenwood/Leflore,Greenwood
12054,GYR,AZ,Phoenix Goodyear,Goodyear
12055,GYY,IN,Gary/Chicago International,Gary
12087,HCR,AK,Holy Cross Airport,Holy Cross
12094,HDN,CO,Yampa Valley,Hayden
12119,HGR,MD,Hagerstown Regional-Richard A. Henson Field,Hagerstown
12124,HHH,SC,Hilton Head Airport,Hilton Head
12127,HHR,CA,Jack Northrop Field/Hawthorne Municipal,Hawthorne
12129,HIB,MN,Range Regional,Hibbing
12173,HNL,HI,Daniel K Inouye International,Honolulu
12141,HKB,AK,Healy River,Healy
12156,HLN,MT,Helena Regional,Helena
12171,HNH,AK,Hoonah Airport,Hoonah
12174,HNM,HI,Hana Airport,Hana
12175,HNS,AK,Haines Airport,Haines
12177,HOB,NM,Lea County Regional,Hobbs
12184,HOM,AK,Homer Airport,Homer
12190,HOT,AR,Memorial Field,Hot Springs
12191,HOU,TX,William P Hobby,Houston
12195,HPB,AK,Hooper Bay Airport,Hooper Bay
12197,HPN,NY,Westchester County,White Plains
12206,HRL,TX,Valley International,Harlingen/San Benito
12207,HRO,AR,Boone County,Harrison
12211,HSH,NV,Henderson Executive,Las Vegas
12214,HSL,AK,Huslia Airport,Huslia
12217,HSV,AL,Huntsville International-Carl T Jones Field,Huntsville
12222,HTO,NY,East Hampton Town,East Hampton
12223,HTS,WV,Tri-State/Milton J. Ferguson Field,Ashland
12235,HUS,AK,Hughes Airport,Hughes
12244,HVN,CT,Tweed New Haven,New Haven
12245,HVR,MT,Havre City-County,Havre
12250,HYA,MA,Cape Cod Gateway,Hyannis
12252,HYG,AK,Hydaburg Seaplane Base,Hydaburg
12253,HYL,AK,Hollis Seaplane Base,Hollis
12255,HYS,KS,Hays Regional,Hays
12264,IAD,VA,Washington Dulles International,Washington
12265,IAG,NY,Niagara Falls International,Niagara Falls
12266,IAH,TX,George Bush Intercontinental/Houston,Houston
12268,IAN,AK,Bob Baker Memorial,Kiana
12278,ICT,KS,Wichita Dwight D Eisenhower National,Wichita
12280,IDA,ID,Idaho Falls Regional,Idaho Falls
12294,IGG,AK,Igiugig Airport,Igiugig
12297,IGM,AZ,Kingman Airport,Kingman
12315,IKO,AK,Nikolski AS,Nikolski
12320,ILG,DE,New Castle,Wilmington
12321,ILI,AK,Iliamna Airport,Iliamna
12323,ILM,NC,Wilmington International,Wilmington
12335,IMT,MI,Ford,Iron Mountain/Kingsfd
12339,IND,IN,Indianapolis International,Indianapolis
12343,INL,MN,Falls International Einarson Field,International Falls
12363,IPL,CA,Imperial County,El Centro
12365,IPT,PA,Williamsport Regional,Williamsport
12370,IRC,AK,Circle City,Circle
12375,IRK,MO,Kirksville Regional,Kirksville
12388,ISM,FL,Kissimmee Gateway,Orlando
12389,ISN,ND,Sloulin Field International,Williston
12390,ISO,NC,Kinston Regional Jetport at Stallings Field,Kinston
12391,ISP,NY,Long Island MacArthur,Islip
12397,ITH,NY,Ithaca Tompkins International,Ithaca/Cortland
12402,ITO,HI,Hilo International,Hilo
12412,IWD,MI,Gogebic-Iron County,Ironwood
12441,JAC,WY,Jackson Hole,Jackson
12448,JAN,MS,Jackson Medgar Wiley Evers International,Jackson/Vicksburg
12451,JAX,FL,Jacksonville International,Jacksonville
12455,JBR,AR,Jonesboro Municipal,Jonesboro
12478,JFK,NY,John F. Kennedy International,New York
12492,JHM,HI,Kapalua Airport,Kapalua
12511,JLN,MO,Joplin Regional,Joplin
12519,JMS,ND,Jamestown Regional,Jamestown
12523,JNU,AK,Juneau International,Juneau
12544,USA,NC,Concord Padgett Regional,Concord
12553,JRV,PR,Jose Aponte de la Torre,Ceiba
12559,JST,PA,John Murtha Johnstown-Cambria County,Johnstown
12591,JZM,AK,Hog River Airport,Hog River
12610,KAE,AK,Kake Seaplane Base,Kake
12615,KAL,AK,Kaltag Airport,Kaltag
12621,KBC,AK,Birch Creek Airport,Birch Creek
12633,KCC,AK,Coffman Cove Seaplane Base,Coffman Cove
12635,KCG,AK,Chignik Bay Airport,Chignik Bay
12638,KCL,AK,Chignik Lagoon Airport,Chignik Lagoon
12641,KCQ,AK,Chignik Lake,Chignik
12649,KEB,AK,Nanwalek Airport,Nanwalek
12652,KEH,WA,Kenmore Air Harbor,Kenmore
12653,KEK,AK,Ekwok Airport,Ekwok
12663,KFP,AK,False Pass Airport,False Pass
12671,KGK,AK,Koliganek Airport,Koliganek
12676,KGX,AK,Grayling Airport,Grayling
12704,KKA,AK,Koyuk Alfred Adams,Koyuk
12705,KKB,AK,Kitoi Bay Airport,Kitoi Bay
12708,KKH,AK,Kongiganak Airport,Kongiganak
12709,KKI,AK,Akiachak Airport,Akiachak
12716,KKU,AK,Ekuk Airport,Ekuk
12719,KLG,AK,Kalskag Airport,Kalskag
12720,KLL,AK,Levelock Airport,Levelock
12721,KLN,AK,Larsen Bay Airport,Larsen Bay
12728,KLW,AK,Klawock Airport,Klawock
12737,KMO,AK,Manokatak Seaplane Base,Manokotak
12743,KMY,AK,Moser Bay Airport,Moser Bay
12748,KNK,AK,Kokhanok Airport,Kokhanok
12755,KNW,AK,New Stuyahok Airport,New Stuyahok
12758,KOA,HI,Ellison Onizuka Kona International at Keahole,Kona
12769,KOT,AK,Kotlik Airport,Kotlik
12771,KOY,AK,Olga Bay Seaplane Base,Olga Bay
12772,KOZ,AK,Ouzinkie Airport,Ouzinkie
12773,KPB,AK,Point Baker Airport,Point Baker
12774,KPC,AK,Port Clarence CGS,Port Clarence
12779,KPN,AK,Kipnuk Airport,Kipnuk
12782,KPR,AK,Port Williams Airport,Port Williams
12784,KPV,AK,Perryville Airport,Perryville
12785,KPY,AK,Port Bailey Airport,Port Bailey
12786,KQA,AK,Akutan Airport,Akutan
12807,KSM,AK,St. Mary's Airport,St. Mary's
12815,KTB,AK,Thorne Bay Seaplane Base,Thorne Bay
12819,KTN,AK,Ketchikan International,Ketchikan
12822,KTS,AK,Brevig Mission Airport,Brevig Mission
12831,KUK,AK,Kasigluk Airport,Kasigluk
12841,KVC,AK,King Cove Airport,King Cove
12844,KVL,AK,Kivalina Airport,Kivalina
12847,KWF,AK,Waterfall Seaplane Base,Waterfall
12851,KWK,AK,Kwigillingok Airport,Kwigillingok
12853,KWN,AK,Quinhagak Airport,Quinhagak
12854,KWP,AK,West Point Village,West Point
12855,KWT,AK,Kwethluk Airport,Kwethluk
12857,KXA,AK,Kasaan Seaplane Base,Kasaan
12866,KYK,AK,Karluk Airport,Karluk
12868,KYU,AK,Koyukuk Airport,Koyukuk
12869,KZB,AK,Zachar Bay Airport,Zachar Bay
12878,LAF,IN,Purdue University,Lafayette
12882,LAL,FL,Lakeland Linder International,Lakeland
12884,LAN,MI,Capital Region International,Lansing
12888,LAR,WY,Laramie Regional,Laramie
12889,LAS,NV,Harry Reid International,Las Vegas
12891,LAW,OK,Lawton-Fort Sill Regional,Lawton/Fort Sill
12892,LAX,CA,Los Angeles International,Los Angeles
12896,LBB,TX,Lubbock Preston Smith International,Lubbock
12898,LBE,PA,Arnold Palmer Regional,Latrobe
12899,LBF,NE,North Platte Regional Airport Lee Bird Field,North Platte
12902,LBL,KS,Liberal Mid-America Regional,Liberal
12915,LCH,LA,Lake Charles Regional,Lake Charles
12917,LCK,OH,Rickenbacker International,Columbus
12925,LDJ,NJ,Linden Airport,Linden
12932,LEB,NH,Lebanon Municipal,Lebanon-Hanover
12945,LEX,KY,Blue Grass,Lexington
12951,LFT,LA,Lafayette Regional Paul Fournet Field,Lafayette
12953,LGA,NY,LaGuardia,New York
12954,LGB,CA,Long Beach Airport,Long Beach
12982,LIH,HI,Lihue Airport,Lihue
12983,LIJ,AK,Long Island Airport,Long Island
12992,LIT,AR,Bill and Hillary Clinton Nat Adams Field,Little Rock
13002,LKE,WA,Lake Union Terminal,Seattle
13003,LKK,AK,Kulik Lake Airport,Kulik Lake
13016,LMA,AK,Lake Minchumina Airport,Lake Minchumina
13024,LMT,OR,Crater Lake Klamath Regional,Klamath Falls
13028,LNI,AK,Lonely AS,Lonely
13029,LNK,NE,Lincoln Airport,Lincoln
13032,LNS,PA,Lancaster Airport,Lancaster
13034,LNY,HI,Lanai Airport,Lanai
13055,LPS,WA,Lopez Island Airport,Lopez Island
13057,LPW,AK,Little Port Walter Airport,Little Port Walter
13061,LRD,TX,Laredo International,Laredo
13076,LSE,WI,La Crosse Regional,La Crosse
13087,LSV,NV,Nellis AFB,Las Vegas
13109,LUP,HI,Kalaupapa Airport,Kalaupapa
13111,LUR,AK,Cape Lisburne LRRS,Cape Lisburne
13121,LWB,WV,Greenbrier Valley,Lewisburg
13127,LWS,ID,Lewiston Nez Perce County,Lewiston
13139,LYH,VA,Lynchburg Regional/Preston Glenn Field,Lynchburg
13158,MAF,TX,Midland International Air and Space Port,Midland/Odessa
13176,MAZ,PR,Eugenio Maria de Hostos,Mayaguez
13182,MBL,MI,Manistee County-Blacker,Manistee/Ludington
13184,MBS,MI,MBS International,Saginaw/Bay City/Midland
13192,MCC,CA,McClellan Airfield,Sacramento
13194,MCE,CA,Merced Regional/Macready Field,Merced
13196,MCG,AK,McGrath Airport,McGrath
13198,MCI,MO,Kansas City International,Kansas City
13200,MCK,NE,McCook Ben Nelson Regional,McCook
13203,MCN,GA,Middle Georgia Regional,Macon
13204,MCO,FL,Orlando International,Orlando
13211,MCW,IA,Mason City Municipal,Mason City
13221,MDH,IL,Southern Illinois,Carbondale
13230,MDT,PA,Harrisburg International,Harrisburg
13232,MDW,IL,Chicago Midway International,Chicago
13234,MDY,TT,Sand Island Field,Midway Island
13241,MEI,MS,Key Field,Meridian
13244,MEM,TN,Memphis International,Memphis
13249,MER,CA,Castle,Atwater
13256,MFE,TX,McAllen Miller International,Mission/McAllen/Edinburg
13264,MFR,OR,Rogue Valley International - Medford,Medford
13273,MGE,GA,Dobbins ARB,Marietta
13277,MGM,AL,Montgomery Regional,Montgomery
13282,MGW,WV,Morgantown Municipal,Morgantown
13290,MHK,KS,Manhattan Regional,Manhattan/Ft. Riley
13292,MHM,AK,Minchumina Airport,Minchumina
13296,MHT,NH,Manchester Boston Regional,Manchester
13303,MIA,FL,Miami International,Miami
13342,MKE,WI,General Mitchell International,Milwaukee
13344,MKG,MI,Muskegon County,Muskegon
13347,MKK,HI,Molokai,Hoolehua
13348,MKL,TN,McKellar-Sipes Regional,Jackson
13354,MKT,MN,Mankato Regional,Mankato
13360,MLB,FL,Melbourne Orlando International,Melbourne
13367,MLI,IL,Quad Cities International,Moline
13369,MLL,AK,Marshall Don Hunter Sr.,Marshall
13377,MLU,LA,Monroe Regional,Monroe
13381,MLY,AK,Manley Hot Springs Airport,Manley Hot Springs
13388,MMH,CA,Mammoth Lakes Airport,Mammoth Lakes
13415,MNT,AK,Minto Al Wright,Minto
13422,MOB,AL,Mobile Regional,Mobile
13433,MOT,ND,Minot International,Minot
13434,MOU,AK,Mountain Village Airport,Mountain Village
13439,MPB,FL,Watson Island International,Miami
13459,MQT,MI,Sawyer International,Marquette
13461,MQY,TN,Smyrna Airport,Smyrna
13467,MRI,AK,Merrill Field,Anchorage
13476,MRY,CA,Monterey Regional,Monterey
13484,MSL,AL,Northwest Alabama Regional,Muscle Shoals
13485,MSN,WI,Dane County Regional-Truax Field,Madison
13486,MSO,MT,Missoula Montana,Missoula
13487,MSP,MN,Minneapolis-St Paul International,Minneapolis
13490,MSS,NY,Massena International-Richards Field,Massena
13495,MSY,LA,Louis Armstrong New Orleans International,New Orleans
13502,MTJ,CO,Montrose Regional,Montrose/Delta
13504,MTM,AK,Metlakatala,Metlakatla
13507,MTP,NY,Sky Portal,Montauk Point
13520,MUE,HI,Waimea-Kohala,Kamuela
13535,MVL,VT,Morrisville Stowe State,Morrisville
13541,MVY,MA,Martha's Vineyard Airport,Martha's Vineyard
13543,MWA,IL,Veterans Airport of Southern Illinois,Marion/Herrin
13546,MWH,WA,Grant County International,Moses Lake
13547,MWL,TX,Mineral Wells Regional,Mineral Wells
13564,MXY,AK,McCarthy Airport,McCarthy
13570,MYF,CA,Montgomery Gibbs Executive,San Diego
13574,MYK,AK,May Creek Airport,May Creek
13577,MYR,SC,Myrtle Beach International,Myrtle Beach
13579,MYU,AK,Mekoryuk Airport,Mekoryuk
13629,NCN,AK,Chenega Bay,Chenega
13676,NIB,AK,Nikolai Airport,Nikolai
13685,NJ1,NJ,Camden County,Berlin
13693,NKI,AK,Naukiti Airport,Naukiti
13704,NLG,AK,Nelson Lagoon Airport,Nelson Lagoon
13710,NME,AK,Nightmute Airport,Nightmute
13714,NNK,AK,Naknek Airport,Naknek
13715,NNL,AK,Nondalton Airport,Nondalton
13731,NPT,RI,Newport State,Newport
13767,NUI,AK,Nuiqsut Airport,Nuiqsut
13768,NUL,AK,Nulato Airport,Nulato
13770,NUP,AK,Nunapitchuk Airport,Nunapitchuk
16218,YUM,AZ,Yuma MCAS/Yuma International,Yuma
13795,OAJ,NC,Albert J Ellis,Jacksonville/Camp Lejeune
13796,OAK,CA,Metro Oakland International,Oakland
13806,OBU,AK,Kobuk Airport,Kobuk
13829,OGD,UT,Ogden-Hinckley,Ogden
13830,OGG,HI,Kahului Airport,Kahului
13832,OGS,NY,Ogdensburg International,Ogdensburg
13851,OKC,OK,Will Rogers World,Oklahoma City
13862,OLF,MT,L. M. Clayton,Wolf Point
13863,OLH,AK,Old Harbor Airport,Old Harbor
13871,OMA,NE,Eppley Airfield,Omaha
13873,OME,AK,Nome Airport,Nome
13891,ONT,CA,Ontario International,Ontario
13894,OOK,AK,Toksook Bay,Toksook
13930,ORD,IL,Chicago O'Hare International,Chicago
13931,ORF,VA,Norfolk International,Norfolk
13933,ORH,MA,Worcester Regional,Worcester
13934,ORI,AK,Port Lions Airport,Port Lions
13940,ORT,AK,Northway Airport,Northway
13942,ORV,AK,Robert/Bob/Curtis Memorial,Noorvik
13964,OTH,OR,Southwest Oregon Regional,North Bend/Coos Bay
13968,OTS,WA,Anacortes Airport,Anacortes
13970,OTZ,AK,Ralph Wien Memorial,Kotzebue
13983,OWB,KY,Owensboro Daviess County Regional,Owensboro
13984,OWD,MA,Norwood Memorial,Norwood
13987,OXC,CT,Waterbury Oxford,Waterbury
14004,PAE,WA,Snohomish County,Everett
14006,PAH,KY,Barkley Regional,Paducah
14013,PAQ,AK,Warren Bud Woods Palmer Municipal,Palmer
14025,PBG,NY,Plattsburgh International,Plattsburgh
14027,PBI,FL,Palm Beach International,West Palm Beach/Palm Beach
14028,PBK,AK,Pack Creek Airport,Pack Creek
14044,PCT,NJ,Princeton Airport,Princeton
14046,PDB,AK,Pedro Bay Airport,Pedro Bay
14054,PDT,OR,Eastern Oregon Regional at Pendleton,Pendleton
14057,PDX,OR,Portland International,Portland
14062,PEC,AK,Pelican Seaplane Base,Pelican
14081,PGA,AZ,Page Municipal,Page
14082,PGD,FL,Punta Gorda Airport,Punta Gorda
14088,PGM,AK,Port Graham Airport,Port Graham
14092,PGV,NC,Pitt Greenville,Greenville
14098,PHF,VA,Newport News/Williamsburg International,Newport News/Williamsburg
14100,PHL,PA,Philadelphia International,Philadelphia
14102,PHO,AK,Point Hope Airport,Point Hope
14107,PHX,AZ,Phoenix Sky Harbor International,Phoenix
14108,PIA,IL,General Downing - Peoria International,Peoria
14109,PIB,MS,Hattiesburg-Laurel Regional,Hattiesburg/Laurel
14112,PIE,FL,St Pete Clearwater International,St. Petersburg
14113,PIH,ID,Pocatello Regional,Pocatello
14119,PIP,AK,Pilot Point Airport,Pilot Point
14120,PIR,SD,Pierre Regional,Pierre
14122,PIT,PA,Pittsburgh International,Pittsburgh
14125,PIZ,AK,Point Lay LRRS,Point Lay
14130,PKA,AK,Napaskiak Airport,Napaskiak
14131,PKB,WV,Mid-Ohio Valley Regional,Parkersburg
14150,PLN,MI,Pellston Regional Airport of Emmet County,Pellston
14167,PML,AK,Port Moller Airport,Port Moller
14193,PNS,FL,Pensacola International,Pensacola
14197,POB,NC,Pope AAF,Fayetteville
14218,PPC,AK,Prospect Creek Airport,Prospect Creek
14222,PPG,TT,Pago Pago International,Pago Pago
14229,PPV,AK,Port Protection Airport,Port Protection
14231,PQI,ME,Presque Isle International,Presque Isle/Houlton
14234,PQS,AK,Pilot Station Airport,Pilot Station
14237,PRC,AZ,Prescott Regional Ernest A Love Field,Prescott
14252,PSC,WA,Tri Cities,Pasco/Kennewick/Richland
14254,PSE,PR,Mercedita,Ponce
14256,PSG,AK,Petersburg James A Johnson,Petersburg
14259,PSM,NH,Portsmouth International at Pease,Portsmouth
14262,PSP,CA,Palm Springs International,Palm Springs
14268,PTA,AK,Port Alsworth Airport,Port Alsworth
14270,PTD,AK,Port Alexander Airport,Port Alexander
14273,PTH,AK,Port Heiden Airport,Port Heiden
14276,PTL,AK,Port Armstrong Airport,Port Armstrong
14282,PTU,AK,Platinum Airport,Platinum
14288,PUB,CO,Pueblo Memorial,Pueblo
14303,PUW,WA,Pullman Moscow Regional,Pullman
14306,PVC,MA,Provincetown Municipal,Provincetown
14307,PVD,RI,Rhode Island Tf Green International,Providence
14314,PVU,UT,Provo Municipal,Provo
14321,PWM,ME,Portland International Jetport,Portland
14332,PYM,MA,Plymouth Municipal,Plymouth
14400,QMN,MA,Mansfield Municipal,Mansfield
14412,QQB,AK,Keyes Point Airport,Keyes Point
14457,RAP,SD,Rapid City Regional,Rapid City
14468,RBH,AK,Brooks Lodge Airport,Brooks Lodge
14474,RBY,AK,Ruby Airport,Ruby
14477,RCE,WA,Roche Harbor Airport,Roche Harbor
14485,RDB,AK,Red Dog Airport,Red Dog
14487,RDD,CA,Redding Municipal,Redding
14489,RDM,OR,Roberts Field,Bend/Redmond
14492,RDU,NC,Raleigh-Durham International,Raleigh/Durham
14493,RDV,AK,Red Devil Airport,Red Devil
14512,RFD,IL,Chicago/Rockford International,Rockford
14520,RHI,WI,Rhinelander/Oneida County,Rhinelander
14524,RIC,VA,Richmond International,Richmond
14534,RIW,WY,Central Wyoming Regional,Riverton/Lander
14539,RKD,ME,Knox County Regional,Rockland
14543,RKS,WY,Southwest Wyoming Regional,Rock Springs
14551,RLU,AK,Bornite Upper,Bornite/Ruby Creek
14559,RMP,AK,Rampart Airport,Rampart
14570,RNO,NV,Reno/Tahoe International,Reno
14572,RNT,WA,Renton Municipal,Renton
14574,ROA,VA,Roanoke Blacksburg Regional,Roanoke
14576,ROC,NY,Frederick Douglass Grtr Rochester International,Rochester
14582,ROP,TT,Benjamin Taisacan Manglona International,Rota
14588,ROW,NM,Roswell Air Center,Roswell
14627,RSH,AK,Russian Mission Airport,Russian Mission
14628,RSJ,WA,Rosario Seaplane Base,Rosario
14633,RST,MN,Rochester International,Rochester
14635,RSW,FL,Southwest Florida International,Fort Myers
14648,RUT,VT,Rutland - Southern Vermont Regional,Rutland
14660,RYE,CO,Weld County Municipal,Greeley
14674,SAF,NM,Santa Fe Municipal,Santa Fe
14679,SAN,CA,San Diego International,San Diego
14683,SAT,TX,San Antonio International,San Antonio
14685,SAV,GA,Savannah/Hilton Head International,Savannah
14689,SBA,CA,Santa Barbara Municipal,Santa Barbara
14691,SBD,CA,San Bernardino International,San Bernardino
14696,SBN,IN,South Bend International,South Bend
14698,SBP,CA,San Luis County Regional,San Luis Obispo
14704,SBY,MD,Salisbury-Ocean City/Wicomico Regional,Salisbury
14709,SCC,AK,Deadhorse Airport,Deadhorse
14711,SCE,PA,University Park,State College
14712,SCF,AZ,Scottsdale,Phoenix
14716,SCK,CA,Stockton Metro,Stockton
14718,SCM,AK,Scammon Bay Airport,Scammon Bay
14730,SDF,KY,Louisville Muhammad Ali International,Louisville
14738,SDP,AK,Sand Point,Sandpoint
14745,SDY,MT,Sidney Richland Regional,Sidney
14747,SEA,WA,Seattle/Tacoma International,Seattle
14761,SFB,FL,Orlando Sanford International,Sanford
14771,SFO,CA,San Francisco International,San Francisco
14783,SGF,MO,Springfield-Branson National,Springfield
14794,SGU,UT,St George Regional,St. George
14797,SGY,AK,Skagway Airport,Skagway
14802,SHD,VA,Shenandoah Valley Regional,Staunton
14804,SHG,AK,Shungnak Airport,Shungnak
14805,SHH,AK,Shishmaref Airport,Shishmaref
14812,SHR,WY,Sheridan County,Sheridan
14814,SHV,LA,Shreveport Regional,Shreveport
14816,SHX,AK,Shageluk Airport,Shageluk
14819,SIG,PR,Isla Grande,San Juan
14828,SIT,AK,Sitka Rocky Gutierrez,Sitka
14831,SJC,CA,Norman Y. Mineta San Jose International,San Jose
14842,SJT,TX,San Angelo Regional/Mathis Field,San Angelo
14843,SJU,PR,Luis Munoz Marin International,San Juan
14856,SKK,AK,Shaktoolik Airport,Shaktoolik
14863,SKW,AK,Skwentna Airport,Skwentna
14869,SLC,UT,Salt Lake City International,Salt Lake City
14875,SLK,NY,Adirondack Regional,Saranac Lake/Lake Placid
14877,SLN,KS,Salina Regional,Salina
14880,SLQ,AK,Sleetmute Airport,Sleetmute
14893,SMF,CA,Sacramento International,Sacramento
14895,SMK,AK,St. Michael Airport,St. Michael
14897,SMN,ID,Lemhi County,Salmon
14905,SMX,CA,Santa Maria Public/Capt. G. Allan Hancock Field,Santa Maria
14908,SNA,CA,John Wayne Airport-Orange County,Santa Ana
14919,SNP,AK,St. Paul Island,St. Paul
14942,SOV,AK,Seldovia Airport,Seldovia
14943,SOW,AZ,Show Low Regional,Show Low
14945,SPB,VI,Charlotte Amalie Harbor Seaplane Base,Charlotte Amalie
14952,SPI,IL,Abraham Lincoln Capital,Springfield
14955,SPN,TT,Francisco C. Ada Saipan International,Saipan
14960,SPS,TX,Sheppard AFB/Wichita Falls Municipal,Wichita Falls
14965,SQA,CA,Santa Ynez Airport,Santa Ynez
14967,SQL,CA,San Carlos Airport,San Carlos
14986,SRQ,FL,Sarasota/Bradenton International,Sarasota/Bradenton
14987,SRV,AK,Stony River Airport,Stony River
14992,SSB,VI,Christiansted Harbor Seaplane Base,Christiansted
15008,STC,MN,St. Cloud Regional,St. Cloud
15012,STG,AK,St. George Island Airport,St. George Island
15016,STL,MO,St Louis Lambert International,St. Louis
15023,STS,CA,Charles M. Schulz - Sonoma County,Santa Rosa
15024,STT,VI,Cyril E King,Charlotte Amalie
15027,STX,VI,Henry E. Rohlsen,Christiansted
15041,SUN,ID,Friedman Memorial,Sun Valley/Hailey/Ketchum
15048,SUX,IA,Sioux Gateway Brig Gen Bud Day Field,Sioux City
15049,SVA,AK,Savoonga Airport,Savoonga
15051,SVC,NM,Grant County,Silver City/Hurley
15061,SVS,AK,Stevens Village Airport,Stevens Village
15069,SWD,AK,Seward Airport,Seward
15070,SWF,NY,New York Stewart International,Newburgh/Poughkeepsie
15074,SWO,OK,Stillwater Regional,Stillwater
15085,SXP,AK,Nunam Iqua,Sheldon Point
15086,SXQ,AK,Soldotna Airport,Soldotna
15091,SYB,AK,Seal Bay Airport,Seal Bay
15096,SYR,NY,Syracuse Hancock International,Syracuse
15124,TAL,AK,Ralph M Calhoun Memorial,Tanana
15138,TBN,MO,Waynesville-St. Robert Regional Forney Field,Fort Leonard Wood
15160,TCT,AK,Takotna Airport,Takotna
15167,TEB,NJ,Teterboro Airport,Teterboro
15171,TEK,AK,Tatitlek Airport,Tatitlek
15177,TEX,CO,Telluride Regional,Telluride
15215,TIQ,TT,Tinian International,Tinian
15231,TKE,AK,Tenakee Airport,Tenakee
15232,TKF,CA,Truckee Tahoe,Truckee
15236,TKJ,AK,Tok Junction,Tok
15245,TLA,AK,Teller Airport,Teller
15249,TLH,FL,Tallahassee International,Tallahassee
15250,TLJ,AK,Tatalina LRRS,Tatalina
15257,TLT,AK,Tuluksak Airport,Tuluksak
15278,TNC,AK,Tin City LRRS,Tin City
15282,TNK,AK,Tununak Airport,Tununak
15293,TOG,AK,Togiak Airport,Togiak
15295,TOL,OH,Eugene F Kranz Toledo Express,Toledo
15304,TPA,FL,Tampa International,Tampa
15323,TRI,TN,Tri Cities,Bristol/Johnson City/Kingsport
15342,TSM,NM,Taos Regional,Taos
15356,TTN,NJ,Trenton Mercer,Trenton
15370,TUL,OK,Tulsa International,Tulsa
15374,TUP,MS,Tupelo Regional,Tupelo
15376,TUS,AZ,Tucson International,Tucson
15380,TVC,MI,Cherry Capital,Traverse City
15381,TVF,MN,Thief River Falls Regional,Thief River Falls
15385,TWA,AK,Twin Hills Airport,Twin Hills
15389,TWF,ID,Joslin Field - Magic Valley Regional,Twin Falls
15393,TX1,TX,Mesquite Metro,Mesquite
15401,TXK,AR,Texarkana Regional-Webb Field,Texarkana
15411,TYR,TX,Tyler Pounds Regional,Tyler
15412,TYS,TN,McGhee Tyson,Knoxville
15427,UBF,MA,Chatham Municipal,Chatham
15448,UGS,AK,Ugashik Airport,Ugashik
15446,UGI,AK,Uganik Airport,Uganik
15454,UIN,IL,Quincy Regional-Baldwin Field,Quincy
15472,UMT,AK,Umiat Airport,Umiat
15478,UNK,AK,Unalakleet Airport,Unalakleet
15481,UOX,MS,University-Oxford,Oxford
15497,UST,FL,Northeast Florida Regional,St. Augustine
15504,UTO,AK,Indian Mountain LRRS,Utopia
15554,VAK,AK,Chevak Airport,Chevak
15569,VCT,TX,Victoria Regional,Victoria
15570,VCV,CA,Southern California Logistics,Victorville
15579,VDZ,AK,Valdez Pioneer Field,Valdez
15581,VEE,AK,Venetie Airport,Venetie
15582,VEL,UT,Vernal Regional,Vernal
15599,VIK,AK,Kavik River Airport,Kavik River
15607,VLD,GA,Valdosta Regional,Valdosta
15618,VNY,CA,Van Nuys Airport,Van Nuys
15624,VPS,FL,Eglin AFB Destin Fort Walton Beach,Valparaiso
15626,VQS,PR,Antonio Rivera Rodriguez,Vieques
15628,VRB,FL,Vero Beach Regional,Vero Beach
15709,WAA,AK,Wales Airport,Wales
15721,WBB,AK,Stebbins Airport,Stebbins
15725,WBQ,AK,Beaver Airport,Beaver
15731,WCR,AK,Chandalar Lake,Chandalar
15741,WFB,AK,Ketchikan Waterfront Seaplane Base,Ketchikan
15754,WHD,AK,Hyder Seaplane Base,Hyder
15785,WLK,AK,Selawik Airport,Selawik
15793,WMK,AK,Meyers Chuck Seaplane Base,Meyers Chuck
15794,WMO,AK,White Mountain Airport,White Mountain
15798,WNA,AK,Napakiak Airport,Napakiak
15825,CWF,LA,Chennault International,Lake Charles
15838,WQZ,AK,Chignik Lake Airport,Chignik Lake
15841,WRG,AK,Wrangell Airport,Wrangell
15881,WWA,AK,Wasilla Airport,Wasilla
15853,WSN,AK,South Naknek 2,South Naknek
15855,WST,RI,Westerly State,Westerly
15856,WSX,WA,Westsound Airport,Westsound
15861,WTK,AK,Noatak Airport,Noatak
15862,WTL,AK,Tuntutuliak Airport,Tuntutuliak
15885,WWP,AK,Whale Pass Airport,Whale Pass
15887,WWT,AK,Newtok Airport,Newtok
15897,WYS,MT,Yellowstone,West Yellowstone
15919,XNA,AR,Northwest Arkansas National,Fayetteville
15991,YAK,AK,Yakutat Airport,Yakutat
16091,YIP,MI,Willow Run,Detroit
16101,YKM,WA,Yakima Air Terminal/McAllister Field,Yakima
16311,ZNC,AK,Nyac Airport,Nyac
16339,ZXF,AK,Illinois Creek Airport,Illinois Creek
16340,ZXH,AK,Chomondely Sound Airport,Chomondely Sound
16345,ZXM,AK,Saltery Cove Airport,Saltery Cove
16346,ZXN,AK,Clover Bay Airport,Clover Bay
16353,ZXU,RI,Quonset State,North Kingstown
16390,BVU,AK,Beluga Airport,Beluga
16560,OR4,OR,Bend Municipal,Bend
16567,7AK,AK,Akun Airport,Akun
16603,DHB,WA,Deer Harbor Marina,Deer Harbor
16654,WA3,WA,Shaw Islands Water Aerodrome,Shaw Island
16662,AA2,AK,Icicle Seafoods,Naknek-1
16755,T8X,TX,McKinney National,Dallas
16832,NYS,NY,New York Skyports Seaplane Base,New York
16869,XWA,ND,Williston Basin International,Williston
16879,T4X,TX,Llano Municipal,Llano
16923,1AK,AK,Mertarvik Quarry Road Landing Strip,Mertarvik
16929,2AK,AK,Deer Park Airport,Deer Park
16954,BNH,MA,Boston Harbor Seaplane Base,Boston
